mmsi,imo_from_data_set,imo_from_ship_db,name_from_data_set,name_from_ship_db,iwrap_type_from_dataset,org_type_info_from_data,iwrap_type_from_ship_db,org_type_from_ship_db,length_from_data_set,length_from_ship_db,height_1,height_2,height_3,depth,width,size_a,size_b,size_c,size_d,class_b,mean_speed,mean_draught,mean_heading,mean_course,mean_ROT
211188000,9151541,0,DEUTSCHLAND,,Passenger ship,Passenger,,,141,-1,-1,-1,-1,-1,24,17,124,12,12,0,10.361853694964509,5.987135450436809,115.97240108982724,133.16753262210776,2.639620317013601e-07
211543450,0,0,STADT BARTH,,Passenger ship,Passenger,,,26,-1,-1,-1,-1,-1,6,7,19,5,1,0,1.3956237017216488,1.2264913917543925,0.0,162.1808352990881,-0.000849910220751329
265874000,8618358,0,HUCKLEBERRY FINN,,Passenger ship,Passenger,,,177,-1,-1,-1,-1,-1,26,19,158,13,13,0,14.407113536896318,5.429412724386801,133.90732120671112,128.50980173152757,0.24158132433976426
277504000,9350680,0,ATHENA SEAWAYS,,Passenger ship,Passenger,,,199,-1,-1,-1,-1,-1,26,15,184,13,13,0,20.09434779631811,6.034590060109494,162.3614828529614,161.36673936672494,0.0
211727510,9587855,0,BERLIN,,Passenger ship,Passenger,,,170,-1,-1,-1,-1,-1,27,22,148,15,12,0,12.292134746158819,5.157348898909301,269.13826543431685,244.31003733792963,0.0
265866000,9217242,0,PETER PAN,,Passenger ship,Passenger,,,220,-1,-1,-1,-1,-1,30,21,199,15,15,0,15.64866552811678,6.0013934354703995,150.2367144940725,144.33872108436492,0.0
266262000,9010163,0,FINNPARTNER,,Passenger ship,Passenger,,,183,-1,-1,-1,-1,-1,28,11,172,14,14,0,16.972947582123293,6.703567490954472,124.70515154228661,124.81975996127144,2.518475818434683e-06
265463000,9133915,0,SKANE,,Passenger ship,Passenger,,,200,-1,-1,-1,-1,-1,28,32,168,14,14,0,13.585373355920405,6.051623573410223,131.09425626131664,134.49780340068028,-0.669520690690289
211215210,5302063,0,BALTICA,,Passenger ship,Passenger,,,49,-1,-1,-1,-1,-1,8,39,10,4,4,0,4.023637889973802,1.7754777327935227,0.000831150273874732,215.46736961181236,-0.0008438914027149322
211543850,0,0,RIVER STAR,,Passenger ship,Passenger,,,33,-1,-1,-1,-1,-1,8,6,27,3,5,0,0.7106278825006207,1.1814789173161584,0.0028322371526575824,157.16805970775508,0.0
211549170,0,0,WARNOWSTAR,,Passenger ship,Passenger,,,24,-1,-1,-1,-1,-1,7,20,4,2,5,0,1.7498809611418187,0.19099799712397345,0.0,96.31742800486101,0.0
211189000,8705383,0,SASSNITZ,,Passenger ship,Passenger,,,172,-1,-1,-1,-1,-1,26,21,151,4,22,0,13.483696872509922,5.429463265553496,134.7872933171981,131.83363716028114,0.0
211343680,9217230,0,NILS HOLGERSSON,,Passenger ship,Passenger,,,191,-1,-1,-1,-1,-1,30,21,170,15,15,0,14.848356716946649,6.0123704226316415,144.99996070481276,140.26926151840178,0.0
219000431,9144421,0,PRINSESSE BENEDIKTE,,Passenger ship,Passenger,,,141,-1,-1,-1,-1,-1,26,22,119,13,13,0,10.4573174726181,4.990953702694275,75.34417248404777,126.22626994535068,-0.0005231151845151803
219147000,7826867,0,STENA GOTHICA,,Passenger ship,Passenger,,,171,-1,-1,-1,-1,-1,21,25,146,18,3,0,14.827867207208097,5.073315557582034,139.8005258384422,150.08225406768995,-0.0008627269258027585
211227550,0,0,KAROLINE,,Passenger ship,Passenger,,,28,-1,-1,-1,-1,-1,6,9,19,3,3,0,1.190779349495712,0.0,106.23947819983529,144.34227933979625,0.0
219423000,9587867,0,COPENHAGEN,,Passenger ship,Passenger,,,170,-1,-1,-1,-1,-1,27,22,148,15,12,0,11.933571254667552,5.2954725747612095,270.66257435092876,235.81777732518717,0.00010107132161439939
219000429,9144419,0,PRINS RICHARD,,Passenger ship,Passenger,,,141,-1,-1,-1,-1,-1,26,22,119,13,13,0,10.252664636133549,4.1944868728184055,117.13648750386994,130.01905659524223,0.0
211190000,9151539,0,SCHLESWIG-HOLSTEIN,,Passenger ship,Passenger,,,142,-1,-1,-1,-1,-1,24,24,118,12,12,0,10.28248608081748,5.69318051727946,116.41215941920815,132.7330257230186,0.008315360863697985
211590700,9659804,0,UNDINE,,Passenger ship,Passenger,,,25,-1,-1,-1,-1,-1,8,9,16,4,4,0,2.9878503787878787,1.6860199294077132,127.25862172865014,190.59166451446285,4.3044077134986227e-07
219000737,7432202,0,HOLGER DANSKE,,Passenger ship,Passenger,,,80,-1,-1,-1,-1,-1,12,20,60,4,8,0,5.318536142218748,3.7961955847937445,81.62060270494744,150.4298742595515,5.78753863387756e-06
211549160,0,0,MARKGRAFENHEIDE,,Passenger ship,Passenger,,,24,-1,-1,-1,-1,-1,6,5,19,2,4,0,1.8966531503966237,0.12757147514169206,0.0,104.01769220650723,0.0
211411230,0,0,BALTIC STAR,,Passenger ship,Passenger,,,27,-1,-1,-1,-1,-1,6,8,19,4,2,0,1.9841528218485074,1.1841654149267946,84.07400491977664,193.23894863537652,0.0
211558470,0,0,SCHNATERMANN,,Passenger ship,Passenger,,,22,-1,-1,-1,-1,-1,5,4,18,3,2,0,2.271875204980352,0.812736510056709,0.0,85.75972367157827,0.0
211377940,0,0,SELENE,,Passenger ship,Passenger,,,26,-1,-1,-1,-1,-1,7,6,20,3,4,0,4.700724576390651,0.1840029321379233,0.0,166.68513067749302,0.0
211771340,0,0,SEEHEILBAD ZINGST,,Passenger ship,Passenger,,,28,-1,-1,-1,-1,-1,8,8,20,3,5,0,1.7480026039185808,1.2483902146645078,28.420120034295515,53.20170822615986,0.0
211757540,7803205,0,KRONPRINS FREDERIK,,Passenger ship,Passenger,,,153,-1,-1,-1,-1,-1,23,28,125,20,3,0,6.064126793325488,5.187109079626875,97.1468017686572,159.80519085289566,-0.15254948069430646
211445220,0,0,SWINEMUENDE,,Passenger ship,Passenger,,,29,-1,-1,-1,-1,-1,10,10,19,8,2,0,0.6587268993839835,1.9075975359342916,0.0,47.841786447638604,0.0
211209510,8738108,0,MERKUR II,,Passenger ship,Passenger,,,29,-1,-1,-1,-1,-1,6,13,16,1,5,0,5.159552079230206,1.780735467897136,145.6525800461426,172.09635642338645,0.0
219009338,0,0,WIND SUPPORTER,,Passenger ship,Passenger,,,24,-1,-1,-1,-1,-1,6,14,10,4,2,0,3.4454317455129617,1.7584501253380134,139.45075434058023,165.47951412634927,2.4666767389300174e-07
211624750,0,0,BREITLING,,Passenger ship,Passenger,,,40,-1,-1,-1,-1,-1,11,20,20,0,11,0,2.2462240948602847,0.0001227308088153578,0.0,137.34148204699528,0.0
211240870,5337771,0,MS STADT KIEL,,Passenger ship,Passenger,,,28,-1,-1,-1,-1,-1,8,10,18,6,2,0,0.9490221977310107,2.9804776066664704,0.0,203.35417011950685,0.0
311541000,9000699,0,BRAEMAR,,Passenger ship,Passenger,,,196,-1,-1,-1,-1,-1,28,32,164,14,14,0,11.608551473823141,5.658309502859659,219.14298284205896,215.9987571491421,0.0
211549030,0,0,ADLER I,,Passenger ship,Passenger,,,14,-1,-1,-1,-1,-1,6,7,7,3,3,0,1.134832662805606,1.5700004421061935,0.0,75.06816835403863,0.0
211458210,0,0,SCHWENTINE,,Passenger ship,Passenger,,,25,-1,-1,-1,-1,-1,6,17,8,3,3,0,4.16136265016828,1.4837185767841947,0.0005857233760359407,211.34309467405723,0.0
211624870,0,0,WARNOW,,Passenger ship,Passenger,,,40,-1,-1,-1,-1,-1,11,20,20,11,0,0,2.6441804406015996,0.19291823384715498,0.0012619602778284424,134.67866942063205,0.0
211245200,9131797,0,MECKLENBURG VORPOMME,,Passenger ship,Passenger,,,200,-1,-1,-1,-1,-1,29,28,172,22,7,0,12.847072186080782,5.87155521053752,126.71409298315592,119.64868795264987,0.0
218795000,9087477,0,ROBIN HOOD,,Passenger ship,Passenger,,,179,-1,-1,-1,-1,-1,28,8,171,14,14,0,15.725236359228138,5.635705743968055,145.7561020268743,143.51711535037487,5.051085415117141e-07
266239000,9017769,0,FINNTRADER,,Passenger ship,Passenger,,,183,-1,-1,-1,-1,-1,30,11,172,15,15,0,17.229351597133103,6.681567009894756,128.2360613990705,127.62889415328327,0.0
230981000,9319442,0,FINNSTAR,,Passenger ship,Passenger,,,219,-1,-1,-1,-1,-1,32,22,197,12,20,0,20.52829173047722,6.955930723684851,149.36723990492635,149.28625805151012,-0.2877358551914967
211149000,8703232,0,TOM SAWYER,,Passenger ship,Passenger,,,177,-1,-1,-1,-1,-1,26,19,158,12,14,0,14.510996653753947,5.588116747410772,134.79093712565486,132.3440948479233,0.0
219016555,9594690,0,LOLLAND,,Passenger ship,Passenger,,,98,-1,-1,-1,-1,-1,18,49,49,9,9,0,6.028758595112864,2.6055872894619334,195.58219815193107,201.41473920137375,0.0
266456000,9319454,0,EUROPALINK,,Passenger ship,Passenger,,,214,-1,-1,-1,-1,-1,30,22,192,15,15,0,17.032031547423525,6.801820566985017,132.0997556359718,130.93555221734923,-0.2594092520234249
211354870,0,0,LABOE,,Passenger ship,Passenger,,,-1,-1,-1,-1,-1,-1,-1,0,0,0,0,0,6.650065850697265,2.2741051278944013,168.61673065006985,162.81649434209893,0.0
219016938,9596428,0,LANGELAND,,Passenger ship,Passenger,,,98,-1,-1,-1,-1,-1,18,49,49,9,9,0,8.081928114780577,2.6585012038550455,203.84918014835603,202.8162435261529,0.0
266343000,9235517,0,STENA SCANDINAVICA,,Passenger ship,Passenger,,,243,-1,-1,-1,-1,-1,30,24,219,10,20,0,14.045461403174203,6.000426193150115,142.17644848459165,131.8894635503853,0.0
211604700,0,0,OSTSEEBAD WARNEMUEND,,Passenger ship,Passenger,,,40,-1,-1,-1,-1,-1,10,8,32,5,5,0,1.5423856913666902,0.19430462248069794,0.0,105.63583467027638,0.0
211226940,5104253,0,SEHO,,Passenger ship,Passenger,,,25,-1,-1,-1,-1,-1,8,11,14,6,2,0,3.828551823911308,1.9696908290132846,178.8208716708264,191.4381981228629,0.0
259222000,9349863,0,COLOR MAGIC,,Passenger ship,Passenger,,,224,-1,-1,-1,-1,-1,36,22,202,18,18,0,15.435424832688454,6.899999999999991,121.63130963033916,131.4301220649584,-0.7556679543248934
211228840,0,0,HAI 4,,Passenger ship,Passenger,,,24,-1,-1,-1,-1,-1,6,14,10,1,5,0,0.2907972222808536,2.4201616818287355,0.0,71.36003757097326,0.0
211224970,0,0,TANJA,,Passenger ship,Passenger,,,24,-1,-1,-1,-1,-1,7,15,9,1,6,0,4.239210577550764,0.0,0.0,138.77207015815938,0.0
247312900,9490052,0,AIDAMAR,,Passenger ship,Passenger,,,253,-1,-1,-1,-1,-1,38,46,207,19,19,0,11.708295845181004,7.2845096125281135,153.68149216992742,149.45959343037813,0.0
211226220,0,0,MONIKA,,Passenger ship,Passenger,,,24,-1,-1,-1,-1,-1,6,8,16,5,1,0,4.065466109552125,1.9305255090057236,0.0,170.97801478496285,0.0
211303110,0,0,MIRA,,Passenger ship,Passenger,,,26,-1,-1,-1,-1,-1,5,5,21,2,3,0,6.6759875730071645,1.3875055123156832,156.15155287781872,168.9454925209751,0.0
211392510,0,0,MECKLENBURG,,Passenger ship,Passenger,,,26,-1,-1,-1,-1,-1,8,13,13,4,4,0,5.129454950978114,0.0,0.0,206.37697597695276,0.0
277408000,9350721,0,VICTORIA SEAWAYS,,Passenger ship,Passenger,,,199,-1,-1,-1,-1,-1,26,15,184,13,13,0,19.711434738401508,6.109020982340256,165.74844674722513,164.81222566695558,0.00015222335196154113
211805980,0,0,VIKING SIGRUN,,Passenger ship,Passenger,,,135,-1,-1,-1,-1,-1,12,42,93,6,6,0,1.423311702841799,1.774786305661222,0.0,196.38456030431863,0.0
211130870,0,0,WAPPEN VON BREEGE,,Passenger ship,Passenger,,,40,-1,-1,-1,-1,-1,9,9,31,5,4,0,4.382648439887751,0.13347225695312717,155.25256314078518,91.28781362007169,0.0
230987000,9336268,0,FINNLADY,,Passenger ship,Passenger,,,219,-1,-1,-1,-1,-1,31,26,193,16,15,0,19.89370507111491,6.928432078324095,148.90169379968532,147.9361779295261,-0.21447751370363136
232017797,9822023,0,DAME VERA LYNN,,Passenger ship,Passenger,,,62,-1,-1,-1,-1,-1,19,31,31,3,16,0,3.2004205546063873,1.3888377798221403,190.671529329303,132.0669601787357,0.0
212499000,9087465,0,NILS DACKE,,Passenger ship,Passenger,,,179,-1,-1,-1,-1,-1,28,25,154,14,14,0,14.146811731315045,5.695348722800378,136.5524932198045,136.56368199306215,0.0
219000776,7826855,0,URD,,Passenger ship,Passenger,,,171,-1,-1,-1,-1,-1,20,30,141,10,10,0,14.654603704854395,5.151725160117091,154.66239022680048,154.00316514506738,0.0
277291000,8917390,0,PATRIA SEAWAYS,,Passenger ship,Passenger,,,154,-1,-1,-1,-1,-1,24,16,138,10,14,0,15.04978929819123,5.385135259670083,175.8399839146134,171.51321263708186,0.0
266331000,9145176,0,STENA GERMANICA,,Passenger ship,Passenger,,,240,-1,-1,-1,-1,-1,29,26,214,14,15,0,14.556038406798368,5.898291555843247,137.01314666589212,129.7826789046151,0.0
257182000,9278234,0,COLOR FANTASY,,Passenger ship,Passenger,,,224,-1,-1,-1,-1,-1,36,29,195,18,18,0,15.91288750432428,6.903680249221623,123.661715334551,126.16999965943533,-0.5920329379795913
211229400,0,0,BLAUORT,,Passenger ship,Passenger,,,24,-1,-1,-1,-1,-1,6,17,7,5,1,0,3.8084081247047714,0.0,0.0019427979337772563,172.4091094366648,0.0
211226990,7229186,0,FEODORA 2,,Passenger ship,Passenger,,,38,-1,-1,-1,-1,-1,7,13,25,2,5,0,4.38294782140936,1.6905863367401834,0.0,92.20268961807423,0.0
230982000,9319466,0,FINNMAID,,Passenger ship,Passenger,,,219,-1,-1,-1,-1,-1,31,27,192,15,16,0,20.787319371615997,6.958947997524028,147.21692659603988,147.23653691542575,-0.21924248137686683
211263680,0,0,ALEXANDRA,,Passenger ship,Passenger,,,37,-1,-1,-1,-1,-1,7,10,27,2,5,0,9.626,2.899999999999999,0.0,293.17375,0.0
211324790,0,0,FREYA,,Passenger ship,Passenger,,,52,-1,-1,-1,-1,-1,11,19,33,5,6,0,4.411786778888304,2.1831246712256704,0.0,161.8417201472909,0.0
211457860,0,0,PILLAU,,Passenger ship,Passenger,,,29,-1,-1,-1,-1,-1,12,14,15,10,2,0,7.3160493827160495,2.0,0.0,149.67037037037036,0.0
209146000,9809679,0,W.B. YEATS,,Passenger ship,Passenger,,,194,-1,-1,-1,-1,-1,30,27,167,23,7,0,17.532094915254238,5.992203389830508,225.74847457627118,229.4616813559322,0.0
211227920,8013144,0,MOENCHGUT,,Passenger ship,Passenger,,,33,-1,-1,-1,-1,-1,8,7,26,3,5,0,9.86480857211654,2.3774620756079936,163.87105706718035,168.36079942210455,0.0
211158050,0,0,ORKA.>,,Passenger ship,Passenger,,,18,-1,-1,-1,-1,-1,8,9,9,4,4,0,1.9181180354931904,1.234832851836566,0.0,95.84688402806438,0.0
211535070,0,0,SCHAPRODE,,Passenger ship,Passenger,,,40,-1,-1,-1,-1,-1,6,8,32,2,4,0,4.037472081066091,0.19052929801681887,0.0,106.1060199967022,0.0
211214660,0,0,ROCHEN,,Passenger ship,Passenger,,,10,-1,-1,-1,-1,-1,4,6,4,2,2,0,3.5970424107142853,0.0,0.0,176.7524952168367,0.0
219560000,9417919,0,STENA FLAVIA,,Passenger ship,Passenger,,,186,-1,-1,-1,-1,-1,26,22,164,20,6,0,20.44961382113821,5.976829268292683,154.4040650406504,154.9986991869919,-0.10323170731707318
211224820,0,0,ROSA PALUKA,,Passenger ship,Passenger,,,15,-1,-1,-1,-1,-1,5,10,5,4,1,0,1.1319227230910762,1.2617295308187673,0.0,126.13422263109477,0.0
211495220,0,0,MECKLENBURG,,Passenger ship,Passenger,,,26,-1,-1,-1,-1,-1,6,6,20,1,5,0,9.254948805460751,1.3000000000000003,0.0,120.5231513083049,0.0
211808580,0,0,VIKING EINAR,,Passenger ship,Passenger,,,135,-1,-1,-1,-1,-1,12,25,110,6,6,0,2.9929726000394243,0.6135472107234379,0.0,69.54231224127736,0.0
211205950,7928603,0,ADLER VII,,Passenger ship,Passenger,,,37,-1,-1,-1,-1,-1,7,8,29,1,6,0,0.151725842326386,0.0,14.60911112941758,309.24590163934425,0.0
311794000,8818300,0,GRYF,,Passenger ship,Passenger,,,158,-1,-1,-1,-1,-1,24,26,132,7,17,0,14.253657678780774,5.189519343493552,193.90973036342322,202.16277842907385,0.0
219000781,9157105,0,MF ENDELAVE,,Passenger ship,Passenger,,,48,-1,-1,-1,-1,-1,12,10,38,7,5,0,0.0,2.8,340.0,184.1,0.0
211225130,0,0,KLAUS PETER,,Passenger ship,Passenger,,,24,-1,-1,-1,-1,-1,7,18,6,5,2,0,2.2538383152173913,2.6059782608695654,5.940217391304348,187.7466372282609,0.0
308784000,7304314,0,ALBATROS,,Passenger ship,Passenger,,,205,-1,-1,-1,-1,-1,26,47,158,14,12,0,11.550925526592717,7.412227646764538,201.26841133748513,186.28851070436627,-0.03195783808028707
211226920,0,0,ANTJE D.,,Passenger ship,Passenger,,,21,-1,-1,-1,-1,-1,6,15,6,1,5,0,2.672631268933019,2.245960955907102,221.73180326489398,180.97093360821273,0.0
211378190,7928615,0,KOI,,Passenger ship,Passenger,,,54,-1,-1,-1,-1,-1,10,12,42,5,5,0,8.585421745490004,2.0492735251097036,159.75883541129764,168.22054189593925,0.0
211034048,0,0,VIKING TIR,,Passenger ship,Passenger,,,135,-1,-1,-1,-1,-1,12,10,125,1,11,0,0.0,0.0,192.04396092362344,37.69622557726465,0.0
256878000,8000214,0,SAGA PEARL II,,Passenger ship,Passenger,,,165,-1,-1,-1,-1,-1,22,41,124,11,11,0,14.702656072644723,6.469012485811578,245.75368898978434,247.15355278093074,0.0
308785000,8506294,0,BALMORAL,,Passenger ship,Passenger,,,218,-1,-1,-1,-1,-1,28,36,182,14,14,0,11.457724555134961,7.057048855555946,173.20186082711288,166.31905048289528,0.0
211811010,0,0,VIKING TIR,,Passenger ship,Passenger,,,135,-1,-1,-1,-1,-1,12,45,90,7,5,0,3.335410970369957,1.2179175269237206,129.22426203894872,222.46559901791196,0.0
211440360,0,0,FAEHRE KOLBERG,,Passenger ship,Passenger,,,29,-1,-1,-1,-1,-1,10,14,15,2,8,0,0.5592471937593995,0.38903835845983314,0.0,44.60567024526309,0.0
230036000,9783576,0,MEIN SCHIFF 2,,Passenger ship,Passenger,,,316,-1,-1,-1,-1,-1,40,79,237,16,24,0,6.731108033240998,7.781634349030469,151.5292243767313,226.9046675900277,0.0
219003541,0,0,IDA,,Passenger ship,Passenger,,,30,-1,-1,-1,-1,-1,8,15,15,4,4,0,10.45436432637571,0.0,0.0,184.09250474383302,0.0
266314000,9273727,0,BIRKA STOCKHOLM,,Passenger ship,Passenger,,,177,-1,-1,-1,-1,-1,28,16,161,14,14,0,15.66055111657447,6.536724031960662,196.02151198524894,196.4588813767671,0.00850235607457487
219017917,9664524,0,STRYNOE,,Passenger ship,Passenger,,,38,-1,-1,-1,-1,-1,12,11,27,6,6,0,0.0,2.2,76.0,257.0,0.0
248956000,9783576,0,MEIN SCHIFF 2,,Passenger ship,Passenger,,,316,-1,-1,-1,-1,-1,40,37,279,20,20,0,3.9067891659706473,7.954528099272161,32.50650280396134,157.18383247822453,0.0
219005453,0,0,SEADOG,,Passenger ship,Passenger,,,12,-1,-1,-1,-1,-1,4,10,2,2,2,0,0.0,2.0,208.0,281.2,45.7
211192880,9432878,0,ALEXANDER,,Passenger ship,Passenger,,,23,-1,-1,-1,-1,-1,7,10,13,4,3,0,9.117517730496454,2.2391489361702126,0.0,140.5777304964539,0.0
211227270,0,0,GRET PALUCCA,,Passenger ship,Passenger,,,24,-1,-1,-1,-1,-1,6,18,6,1,5,0,0.9605612998522894,2.4981536189069424,0.0,139.54150664697195,0.0
219000811,9082635,0,M.F.ASKOE,,Passenger ship,Passenger,,,31,-1,-1,-1,-1,-1,11,10,21,7,4,0,0.0,2.0,168.0,149.5,0.0
211162610,887630200,0,PRINCESS,,Passenger ship,Passenger,,,42,-1,-1,-1,-1,-1,9,9,33,1,8,0,5.146472764383212,1.5748947569843095,0.0,143.5423140706723,0.0
211813770,0,0,VIKING VALI,,Passenger ship,Passenger,,,135,-1,-1,-1,-1,-1,12,40,95,7,5,0,4.592731521338089,1.6198007625138358,42.2036649858566,156.11122863116466,0.0
277466000,9458535,0,REGINA SEAWAYS,,Passenger ship,Passenger,,,199,-1,-1,-1,-1,-1,28,27,172,14,14,0,19.558802287569854,6.131833317628639,169.62320477229403,168.62406282843955,0.0
211495320,0,0,HANSEAT,,Passenger ship,Passenger,,,25,-1,-1,-1,-1,-1,6,7,18,2,4,0,9.161310782241015,0.7402396053558845,0.0,120.18252290345313,0.0
219000674,9199074,0,MARSTAL,,Passenger ship,Passenger,,,48,-1,-1,-1,-1,-1,13,16,32,10,3,0,9.2,2.5,220.0,219.2,0.0
244138328,0,0,HOLLANDIA,,Passenger ship,Passenger,,,28,-1,-1,-1,-1,-1,5,18,10,3,2,0,5.416083916083918,0.0,0.0,237.42727272727276,0.0
266467000,9323699,0,STENA VINGA,,Passenger ship,Passenger,,,130,-1,-1,-1,-1,-1,24,25,105,21,3,0,15.166883007417399,5.585524837042031,158.02503371544168,157.8923465947404,0.0
309272000,9108350,0,POLONIA,,Passenger ship,Passenger,,,170,-1,-1,-1,-1,-1,28,25,145,2,26,0,14.807692307692308,5.899999999999999,169.83516483516485,171.48021978021976,0.0
309801000,8420842,0,WOLIN,,Passenger ship,Passenger,,,189,-1,-1,-1,-1,-1,23,29,160,10,13,0,12.391943127962085,5.775355450236967,253.2867298578199,254.38886255924172,0.0
211239110,0,0,SANTA MARIA,,Passenger ship,Passenger,,,17,-1,-1,-1,-1,-1,6,0,17,0,6,0,5.812024102985483,2.5254724732949883,0.0,121.99178307313065,0.0
309964000,7218395,0,BOUDICCA,,Passenger ship,Passenger,,,205,-1,-1,-1,-1,-1,26,37,168,13,13,0,12.294648937149168,7.461350878807399,166.808962915248,167.1109321799945,0.0
247117300,9112789,0,AIDACARA,,Passenger ship,Passenger,,,193,-1,-1,-1,-1,-1,32,46,147,16,16,0,12.906767516857226,5.975444151275286,173.89354441512754,175.77309293462326,0.15480621518616242
219000809,9129782,0,FEMOUSUND,,Passenger ship,Passenger,,,36,-1,-1,-1,-1,-1,12,12,24,6,6,0,9.457635467980296,1.9772167487684729,146.3762315270936,147.32992610837437,0.0
259186000,9650420,0,VIKING SKY,,Passenger ship,Passenger,,,228,-1,-1,-1,-1,-1,34,43,185,17,17,0,10.667765011922828,6.681326066086528,182.96144436530304,177.84647424979096,0.0
211533560,0,0,SUNDEVIT,,Passenger ship,Passenger,,,32,-1,-1,-1,-1,-1,6,8,24,3,3,0,5.492009132420091,0.16849315068493154,0.0,124.23995433789956,0.0
211513910,0,0,JUNKER JOERG,,Passenger ship,Passenger,,,31,-1,-1,-1,-1,-1,11,28,3,5,6,0,7.309186101856258,0.18733936220847217,0.0,78.42822465492623,0.0
355931000,9387073,0,MSC POESIA,,Passenger ship,Passenger,,,294,-1,-1,-1,-1,-1,32,41,253,16,16,0,11.735733126048073,7.716445989379542,200.63221422582447,189.69161630100615,0.0
247187700,9334856,0,AIDADIVA,,Passenger ship,Passenger,,,252,-1,-1,-1,-1,-1,38,40,212,19,19,0,12.035635095856032,7.177471052589782,204.77154179704252,195.53112898870697,0.0
311000343,8217881,0,MAGELLAN,,Passenger ship,Passenger,,,221,-1,-1,-1,-1,-1,31,46,175,20,11,0,13.49243243243243,7.948169014084506,178.85362263672124,175.12594848369497,0.0
308214000,8506373,0,ASTOR,,Passenger ship,Passenger,,,176,-1,-1,-1,-1,-1,22,18,158,11,11,0,12.599863283203842,6.175397645803463,137.82580279435794,143.45436660108706,-0.2430257761179099
255801380,5383304,0,ASTORIA,,Passenger ship,Passenger,,,160,-1,-1,-1,-1,-1,21,34,126,10,11,0,11.324293322408849,7.491503482179434,166.51069233920524,167.97599344530929,0.0
257276000,5255777,0,NORDSTJERNEN,,Passenger ship,Passenger,,,80,-1,-1,-1,-1,-1,13,19,61,0,13,0,11.05373911032303,4.7604039781050025,167.75106005705035,168.8776771258962,0.0
249973000,9760512,0,MSC MERAVIGLIA,,Passenger ship,Passenger,,,316,-1,-1,-1,-1,-1,52,38,278,26,26,0,15.264684086859978,8.558838338196184,169.53671021714993,157.97390134008106,0.004086730873505643
256208000,7822457,0,SAGA SAPPHIRE,,Passenger ship,Passenger,,,200,-1,-1,-1,-1,-1,28,33,167,14,14,0,12.83400464037123,8.542227378190255,162.00417633410672,161.8252034029389,0.0
310674000,9584724,0,REGAL PRINCESS,,Passenger ship,Passenger,,,330,-1,-1,-1,-1,-1,44,31,299,22,22,0,12.806668660287082,8.593263096552569,166.76423138265244,167.86664596368544,0.0
258215000,9725421,0,VIKING SEA,,Passenger ship,Passenger,,,228,-1,-1,-1,-1,-1,34,43,185,17,17,0,12.624109800170068,6.838026147959183,160.43558673469389,156.55489477040817,0.0
273413400,8507731,0,AKADEMIK IOFFE,,Passenger ship,Passenger,,,117,-1,-1,-1,-1,-1,18,30,87,12,6,0,11.007750085353361,5.85971321270058,96.34209627859337,98.39569819050871,0.9261522703994537
246167000,9122552,0,M/S ROTTERDAM,,Passenger ship,Passenger,,,238,-1,-1,-1,-1,-1,32,70,168,18,14,0,15.382811536368584,8.274659894794121,178.84719753310358,176.36014148376563,0.0
310624000,9320556,0,QUEEN VICTORIA,,Passenger ship,Passenger,,,294,-1,-1,-1,-1,-1,32,42,252,16,16,0,17.35196686171137,7.966398238804241,166.11334800996465,166.21658652453507,0.014735530965760956
256561000,8918136,0,ZENITH,,Passenger ship,Passenger,,,202,-1,-1,-1,-1,-1,30,32,170,15,15,0,13.147910493511802,7.6453203228772875,143.4191274139164,158.57050168590987,0.0
249596000,9159830,0,CLIO,,Passenger ship,Passenger,,,100,-1,-1,-1,-1,-1,14,45,55,3,11,0,14.195258158965936,3.1988573877026356,73.03756337927587,74.33267871170463,-0.14191958865957296
257058920,9796262,0,VIKING JUPITER,,Passenger ship,Passenger,,,229,-1,-1,-1,-1,-1,28,45,184,14,14,0,13.13574688289463,6.716983130959172,160.98101214244969,159.63987857550325,8.149295085975064e-06
245304000,9221279,0,ZUIDERDAM,,Passenger ship,Passenger,,,285,-1,-1,-1,-1,-1,27,77,208,12,15,0,13.428776529338329,7.862655376431634,166.08315692341094,164.32019215111544,0.0
235103357,9228186,0,SAPPHIRE PRINCESS,,Passenger ship,Passenger,,,288,-1,-1,-1,-1,-1,50,34,254,25,25,0,19.794738489047834,8.18240500670541,168.00111756817165,168.1829727313366,0.0
248513000,9783564,0,MEIN SCHIFF 1,,Passenger ship,Passenger,,,316,-1,-1,-1,-1,-1,40,37,279,20,20,0,13.706534045115347,7.963961768582348,149.51599139034542,157.6588481268312,0.10481875160008723
244750832,0,0,PRINCESS,,Passenger ship,Passenger,,,80,-1,-1,-1,-1,-1,8,15,65,7,1,0,1.9721674876847293,0.934201266713582,0.0,170.20098522167487,0.0
309908000,9138329,0,M/V HAMBURG,,Passenger ship,Passenger,,,144,-1,-1,-1,-1,-1,22,38,106,11,11,0,11.736578874602516,5.480609705516383,160.37747131204202,169.31943868381032,0.0
311492000,9228344,0,SERENADE OF THE SEAS,,Passenger ship,Passenger,,,294,-1,-1,-1,-1,-1,32,45,249,16,16,0,17.663918809201625,8.516725304465492,165.62522327469554,167.09601353179974,-0.43957510148849793
211197730,0,0,RUEGENLAND,,Passenger ship,Passenger,,,28,-1,-1,-1,-1,-1,7,18,10,5,2,0,5.963636363636363,3.5,104.95454545454545,108.98181818181818,0.0
211225780,6801822,0,BINZ,,Passenger ship,Passenger,,,39,-1,-1,-1,-1,-1,7,12,27,5,2,0,11.28976577336991,1.8553914327917285,0.0,82.1433424773159,0.0
247255400,9334868,0,AIDALUNA,,Passenger ship,Passenger,,,252,-1,-1,-1,-1,-1,34,40,212,17,17,0,12.910943826105697,7.257910374236055,163.07252266814453,173.42705552733264,0.14262688772918303
211217860,0,0,ROSTOCKER7,,Passenger ship,Passenger,,,39,-1,-1,-1,-1,-1,10,27,12,5,5,0,3.2290355833842392,1.3135155772755036,97.7031154551008,106.34073762981063,0.0
244140580,9767106,0,NIEUW STATENDAM,,Passenger ship,Passenger,,,299,-1,-1,-1,-1,-1,40,38,261,20,20,0,13.400406307078692,8.89717821597644,158.5693890483468,165.3813434226712,0.15623439072576137
211225340,6618691,0,OL BUESUM,,Passenger ship,Passenger,,,33,-1,-1,-1,-1,-1,6,10,23,3,3,0,4.185770347274486,1.5741963229760243,171.15267175572518,224.28856574561874,0.0
247113300,9239795,0,COSTA MAGICA,,Passenger ship,Passenger,,,272,-1,-1,-1,-1,-1,35,49,223,18,17,0,17.681133042809538,8.397487823634965,166.79210458856704,170.33167136631633,0.0
311083000,8807997,0,STAR BREEZE,,Passenger ship,Passenger,,,133,-1,-1,-1,-1,-1,20,46,87,10,10,0,10.428915817970866,5.542013665076707,64.68415624597138,88.41033904860126,-0.3729276782261184
247353800,9636955,0,AIDAPRIMA,,Passenger ship,Passenger,,,300,-1,-1,-1,-1,-1,48,40,260,24,24,0,14.419639412268108,8.271986520265532,159.62817593277538,165.4170145385802,-0.08176803059532274
310556000,9169524,0,AURORA,,Passenger ship,Passenger,,,272,-1,-1,-1,-1,-1,32,56,216,16,16,0,14.620783601453036,8.386050856253247,174.21769590036325,177.51558899844315,0.03650233523611831
269057081,0,0,EXCELLENCE CORAL,,Passenger ship,Passenger,,,82,-1,-1,-1,-1,-1,10,82,0,5,5,0,4.766763093788064,1.2064555420219245,0.0,174.3359622411693,0.0
311000535,8611398,0,COLUMBUS,,Passenger ship,Passenger,,,245,-1,-1,-1,-1,-1,35,86,159,17,18,0,14.539745768974948,8.181283718867785,179.54637499076196,182.49525533959056,0.48363018254378826
219002177,9257632,0,CHRISTINE,,Passenger ship,Passenger,,,52,-1,-1,-1,-1,-1,13,26,26,6,7,0,7.066731898238747,2.174168297455968,0.0,151.52994129158512,0.0
229678000,9678408,0,MEIN SCHIFF 4,,Passenger ship,Passenger,,,294,-1,-1,-1,-1,-1,39,37,257,19,20,0,13.634070789787208,8.168342155665144,153.16258728076127,163.807501244175,-0.17533668129514846
311361000,9195200,0,BRILLIANCE OT SEA,,Passenger ship,Passenger,,,294,-1,-1,-1,-1,-1,33,90,204,16,17,0,19.47030913012221,8.591629664087057,166.87923767637895,166.69612353927914,-0.27403335165842035
219006026,0,0,HJORTOEBOEN,,Passenger ship,Passenger,,,14,-1,-1,-1,-1,-1,4,7,7,2,2,0,12.013333333333337,0.0,0.0,150.14333333333335,0.0
983106741,0,0,,,Passenger ship,Passenger,,,12,-1,-1,-1,-1,-1,2,1,11,1,1,0,16.116666666666667,0.0,0.0,68.58333333333333,0.0
248939000,9451094,0,CELEBRITY SILHOUETTE,,Passenger ship,Passenger,,,318,-1,-1,-1,-1,-1,48,41,277,24,24,0,15.214903375733856,8.565174494455315,191.67553408349642,191.27617620678407,0.0
249051000,9106297,0,MARELLA EXPLORER,,Passenger ship,Passenger,,,262,-1,-1,-1,-1,-1,32,33,229,16,16,0,14.59383199137131,8.468658288810294,183.35450372488523,183.09811372814607,0.22770963453482826
255717000,6602898,0,OCEAN MAJESTY,,Passenger ship,Passenger,,,136,-1,-1,-1,-1,-1,23,33,103,11,12,0,13.421597101133392,6.428133173496076,154.03618134263294,154.64991281604182,0.0
211344720,0,0,KIELER SPROTTE,,Passenger ship,Passenger,,,21,-1,-1,-1,-1,-1,5,5,16,1,4,0,0.20215456440599686,1.2633636670037078,0.0,66.72851864334844,0.0
211597760,0,0,JOHANNES BRAHMS,,Passenger ship,Passenger,,,82,-1,-1,-1,-1,-1,10,20,62,3,7,0,0.4345729182640699,1.2167689004753874,0.0,16.11999693298574,0.0
309653000,9342281,0,NORWEGIAN PEARL,,Passenger ship,Passenger,,,294,-1,-1,-1,-1,-1,32,41,253,16,16,0,17.281275327771155,8.546138259833134,177.87187127532778,178.84650774731824,0.0
247229700,9362542,0,AIDABELLA,,Passenger ship,Passenger,,,252,-1,-1,-1,-1,-1,32,43,209,16,16,0,13.154792894204553,7.183832776360921,172.0671994547533,181.24359884794654,-0.0025041772931140766
310459000,9226906,0,ARCADIA,,Passenger ship,Passenger,,,285,-1,-1,-1,-1,-1,32,42,243,16,16,0,13.435726105983157,8.070510793218842,201.86209686316332,196.11510315154635,0.0
257179000,9725433,0,VIKING SUN,,Passenger ship,Passenger,,,228,-1,-1,-1,-1,-1,34,43,185,17,17,0,13.009488473335312,6.720174136736913,164.36568714752153,163.76084891659247,0.0
247311100,9479852,0,COSTA FAVOLOSA,,Passenger ship,Passenger,,,291,-1,-1,-1,-1,-1,44,35,256,22,22,0,15.301694915254233,8.297380705053186,222.60402887535994,220.1204638992255,0.0
211225760,0,0,PETER 2,,Passenger ship,Passenger,,,28,-1,-1,-1,-1,-1,5,16,12,3,2,0,0.4,0.0,0.0,262.5,0.0
538003668,9438066,0,MARINA,,Passenger ship,Passenger,,,238,-1,-1,-1,-1,-1,32,78,160,16,16,0,12.691569652852602,7.353522718313933,164.07878485270544,159.51896039734055,-0.08502089191390955
247258100,9378498,0,COSTA PACIFICA,,Passenger ship,Passenger,,,290,-1,-1,-1,-1,-1,42,47,243,21,21,0,13.85240992350226,8.275090117274788,149.23009672315646,156.0477939617348,1.3048655172976237e-05
244690998,0,0,JEL,,Passenger ship,Passenger,,,-1,-1,-1,-1,-1,-1,-1,0,0,0,0,0,3.3233658536585367,0.1972822299651568,0.0,135.43960975609758,0.0
311050900,9606924,0,NORWEGIAN GETAWAY,,Passenger ship,Passenger,,,326,-1,-1,-1,-1,-1,54,40,286,27,27,0,15.814101376937613,8.702433919792819,171.9302572441674,172.02051478946933,0.0
310610000,9424883,0,AZURA,,Passenger ship,Passenger,,,289,-1,-1,-1,-1,-1,36,36,253,18,18,0,14.107771673589708,8.700000000000003,195.63205145383893,190.91522176068605,0.0
308445000,8913162,0,AMADEA,,Passenger ship,Passenger,,,192,-1,-1,-1,-1,-1,28,50,142,14,14,0,11.1021346660468,7.256632573996592,178.76476057647605,175.40518363551834,-0.35994111266077805
368946000,8835217,0,STATE OF MAINE,,Passenger ship,Passenger,,,152,-1,-1,-1,-1,-1,22,40,112,8,14,0,10.578572146807442,8.25959778783308,152.52347913524383,154.7860231271996,0.0
256204000,9200940,0,AZAMARA JOURNEY,,Passenger ship,Passenger,,,181,-1,-1,-1,-1,-1,29,30,151,14,15,0,11.708865478119934,5.893784440842789,95.95388978930308,97.9236871961102,0.24531604538087518
308814000,8903935,0,SILVER WIND,,Passenger ship,Passenger,,,156,-1,-1,-1,-1,-1,21,32,124,14,7,0,10.59280344793024,5.636584143530121,105.75674050315726,109.03416858775182,0.0
311000410,9141807,0,WORLD ODYSSEY,,Passenger ship,Passenger,,,175,-1,-1,-1,-1,-1,23,38,137,13,10,0,12.658630086540233,5.79028539863745,174.40905910513717,177.67123549990794,0.0
308007000,9183855,0,EUROPA,,Passenger ship,Passenger,,,199,-1,-1,-1,-1,-1,26,55,144,14,12,0,13.276154999318585,6.144162540317088,166.57997546904102,165.66742152364512,0.11492754281560894
244060997,0,0,COR. 13:13,,Passenger ship,Passenger,,,18,-1,-1,-1,-1,-1,4,14,4,2,2,0,3.9537154989384296,1.743099787685775,0.0,87.90912951167728,0.0
311000608,8201480,0,ARTANIA,,Passenger ship,Passenger,,,230,-1,-1,-1,-1,-1,32,32,198,28,4,0,13.94895753518571,7.960317780376658,143.82522079283785,144.89455982578536,0.0
578001200,9814052,0,LE DUMONT DURVILLE,,Passenger ship,Passenger,,,131,-1,-1,-1,-1,-1,18,31,100,9,9,0,12.233993583484446,4.718956618775283,235.0689077974613,235.2752266703864,0.1807923001813363
311316000,9161728,0,EXPLORER OF THE SEAS,,Passenger ship,Passenger,,,311,-1,-1,-1,-1,-1,39,46,265,19,20,0,19.789894756893187,9.080499071384352,161.9999523786847,161.1318443735416,-0.23670650983380162
310465000,9150913,0,SEA PRINCESS,,Passenger ship,Passenger,,,261,-1,-1,-1,-1,-1,40,46,215,20,20,0,16.261334663562796,8.304023944130362,178.9828178694158,166.56840705021617,0.0
265523110,0,0,ISLANDIA,,Passenger ship,Passenger,,,19,-1,-1,-1,-1,-1,5,17,2,4,1,0,8.4,0.0,0.0,176.01666666666665,0.0
229074000,9506459,0,CELEBRITY REFLECTION,,Passenger ship,Passenger,,,319,-1,-1,-1,-1,-1,48,42,277,24,24,0,13.016728340240773,8.558436944937833,142.95389283599764,143.48914791790014,0.0
269057333,0,0,KATHARINA VON BORA_,,Passenger ship,Passenger,,,83,-1,-1,-1,-1,-1,10,17,66,4,6,0,5.176579163248564,0.19064807219031993,0.0,146.1032403609516,0.0
538006712,9703150,0,SEVEN SEAS EXPLORER,,Passenger ship,Passenger,,,224,-1,-1,-1,-1,-1,36,40,184,18,18,0,11.131000546746856,7.169202071205739,168.9776798636349,158.187894381372,0.0
219001266,0,0,FULTON,,Passenger ship,Passenger,,,40,-1,-1,-1,-1,-1,7,39,1,3,4,0,2.35825006297758,2.8973213535981177,186.02729028465865,181.93353766059283,0.0
311536000,9243667,0,CRYSTAL SERENITY,,Passenger ship,Passenger,,,250,-1,-1,-1,-1,-1,32,36,214,16,16,0,12.166312056737588,7.611483906164756,172.48145117294052,156.63929805419167,0.4722040370976541
235106595,9614036,0,BRITANNIA,,Passenger ship,Passenger,,,330,-1,-1,-1,-1,-1,44,31,299,22,22,0,16.612647514602454,8.5,157.77267850756942,156.63754917153415,0.0
211227410,0,0,SCHAARHOERN,,Passenger ship,Passenger,,,42,-1,-1,-1,-1,-1,7,12,30,3,4,0,7.802920443101712,2.990936555891239,203.2920443101712,205.06616314199394,0.0
211665460,5149928,0,PRINZ HEINRICH,,Passenger ship,Passenger,,,40,-1,-1,-1,-1,-1,8,18,22,5,3,0,5.918095238095238,1.7885714285714285,0.0,231.23533333333333,0.0
211226820,0,0,HOLSTENTOR 1,,Passenger ship,Passenger,,,24,-1,-1,-1,-1,-1,6,11,13,4,2,0,2.010496338486574,0.0,0.0,43.543612693246544,0.0
227734020,0,0,VICTOR HUGO,,Passenger ship,Passenger,,,82,-1,-1,-1,-1,-1,10,22,60,5,5,0,6.436764705882354,0.598529411764706,0.0,160.43382352941177,0.0
311000891,8919245,0,VASCO DA GAMA,,Passenger ship,Passenger,,,219,-1,-1,-1,-1,-1,34,46,173,17,17,0,13.073568778642612,7.969447879537354,151.40910744162363,159.86147159380232,0.0
211777580,0,0,NORDLICHT,,Passenger ship,Passenger,,,23,-1,-1,-1,-1,-1,6,10,13,4,2,0,5.766604540833615,1.9700101660454084,0.0,111.94556929854286,0.0
310504000,9187887,0,PACIFIC PRINCESS,,Passenger ship,Passenger,,,181,-1,-1,-1,-1,-1,26,24,157,20,6,0,11.71466343825666,5.860571428571428,252.98508474576272,250.57035351089593,0.048803874092009696
219385000,5161158,0,BJORNSHOLM,,Passenger ship,Passenger,,,30,-1,-1,-1,-1,-1,6,10,20,3,3,0,8.244444444444445,3.0,0.0,168.83799102132437,0.0
308516000,9126807,0,DISNEY MAGIC,,Passenger ship,Passenger,,,300,-1,-1,-1,-1,-1,32,55,245,17,15,0,19.28799890463476,8.177545012665162,166.36352433764634,166.03277195865,0.0
244879000,5153462,0,HOLLAND,,Passenger ship,Passenger,,,57,-1,-1,-1,-1,-1,10,21,36,5,5,0,8.251070674575248,3.6583391977480653,196.18055695184478,198.2178847893837,0.0
311746000,9141065,0,NORWEGIAN SPIRIT,,Passenger ship,Passenger,,,269,-1,-1,-1,-1,-1,33,43,226,16,17,0,14.456836638338054,8.142766761095372,183.04542020774315,182.8819924457035,0.0
310625000,9477438,0,QUEEN ELIZABETH,,Passenger ship,Passenger,,,294,-1,-1,-1,-1,-1,36,42,252,18,18,0,14.401550074910686,7.937305520341131,190.79347700818255,190.31517805693213,0.0
310459040,0,0,ARCADIA TENDER 13,,Passenger ship,Passenger,,,10,-1,-1,-1,-1,-1,5,3,7,4,1,0,17.655555555555555,0.0,0.0,302.4555555555556,0.0
311000585,9764958,0,SEABOURN OVATION,,Passenger ship,Passenger,,,211,-1,-1,-1,-1,-1,36,35,176,18,18,0,11.359032019869773,6.762596495938778,171.33208028462107,166.16873867221585,-0.4892394441833926
311022500,9437866,0,SILVER SPIRIT,,Passenger ship,Passenger,,,210,-1,-1,-1,-1,-1,26,30,180,13,13,0,9.27273710782546,6.542877749729534,239.77497295348,238.84129102055536,0.0
219006091,0,0,RAGNA,,Passenger ship,Passenger,,,15,-1,-1,-1,-1,-1,6,8,7,3,3,0,45.07913043478261,0.0,0.0,44.61478260869565,0.0
229378000,9616230,0,EUROPA 2,,Passenger ship,Passenger,,,226,-1,-1,-1,-1,-1,30,46,180,15,15,0,12.274802867383512,6.297734767025089,137.49964157706094,140.3233046594982,0.0
247117400,9221566,0,AIDAAURA,,Passenger ship,Passenger,,,203,-1,-1,-1,-1,-1,28,39,164,14,14,0,12.023441245271032,6.294177953620005,168.74606520922978,170.9158286885956,0.0
265596080,0,0,S/S BOHUSLAN,,Passenger ship,Passenger,,,43,-1,-1,-1,-1,-1,8,15,28,3,5,0,33.78333333333333,0.0,0.0,145.58333333333334,0.0
538001665,9200938,0,NAUTICA,,Passenger ship,Passenger,,,180,-1,-1,-1,-1,-1,25,50,130,12,13,0,15.062474320931294,5.879125770372062,119.9675873088336,115.69995434832231,0.20563798219584567
211023048,0,0,VIKING GERMENI,,Passenger ship,Passenger,,,135,-1,-1,-1,-1,-1,12,10,125,2,10,0,0.00011750881316098709,0.0,197.05611045828437,181.90102820211516,0.0
248277000,7904889,0,BERLIN,,Passenger ship,Passenger,,,140,-1,-1,-1,-1,-1,18,23,117,13,5,0,12.602863875294544,5.1000000000000005,249.57621895957948,245.4063802791372,0.0
311000840,8700280,0,AMERA,,Passenger ship,Passenger,,,204,-1,-1,-1,-1,-1,29,44,160,26,3,0,11.572078051701766,7.1958029743487355,198.85916758159496,193.62267691386367,0.0
211303520,0,0,ARIES,,Passenger ship,Passenger,,,26,-1,-1,-1,-1,-1,5,8,18,2,3,0,3.0419381844897404,1.479958652975448,84.45497103999726,131.64250371610655,0.0
257183000,0,0,ULLA RINMAN,,Passenger ship,Passenger,,,24,-1,-1,-1,-1,-1,7,7,17,5,2,0,7.567708333333333,0.0,0.0,218.28003472222224,0.0
229090000,9641730,0,MEIN SCHIFF 3,,Passenger ship,Passenger,,,294,-1,-1,-1,-1,-1,39,37,257,19,20,0,13.358962207797381,8.303225677989726,145.84703914619092,148.45213253155987,0.1110270399426546
265721400,0,0,EMILIE,,Passenger ship,Passenger,,,19,-1,-1,-1,-1,-1,6,15,4,3,3,0,11.107894736842105,0.0,0.0,121.52105263157895,0.0
211271510,0,0,VIKING GERSEMI,,Passenger ship,Passenger,,,135,-1,-1,-1,-1,-1,12,10,125,2,10,0,1.5921707659354456,0.0,177.80862692961077,165.2258143142034,0.0
311007200,9086588,0,SKANIA,,Passenger ship,Passenger,,,174,-1,-1,-1,-1,-1,24,25,149,7,17,0,18.293333333333337,6.200000000000001,325.0,327.58,0.0
232021171,9802683,0,SPIRIT OF DISCOVERY,,Passenger ship,Passenger,,,236,-1,-1,-1,-1,-1,31,32,204,22,9,0,17.97813765182186,7.010364372469635,221.14331983805667,268.55757085020247,0.0
311000253,8802882,0,HEBRIDEAN SKY,,Passenger ship,Passenger,,,91,-1,-1,-1,-1,-1,16,29,62,4,12,0,9.153454910490211,4.058758574535721,230.22686966705706,236.64962355696838,0.0
211551940,9604378,0,SCHLESWIG-HOLSTEIN,,Passenger ship,Passenger,,,76,-1,-1,-1,-1,-1,17,38,38,8,9,0,1.1258632596685083,1.7981353591160225,200.19112569060775,181.7563017955801,0.0
308693000,6417097,0,MARCO POLO,,Passenger ship,Passenger,,,176,-1,-1,-1,-1,-1,24,25,151,12,12,0,11.628676470588236,7.9452332657200815,163.48453346855985,165.25223123732252,0.0
