mmsi,iwrap_type_from_dataset,org_type_info_from_data,length_from_data_set,width,trips,signals,Speed_mean,Speed_median,Speed_min,Speed_max,Speed_std,ROT_mean,ROT_median,ROT_min,ROT_max,ROT_std,number_of_signals,date
211223120,Other ship,Undefined,33,8,611.0,734304.0,7.081069042316258,9.3,0.1,11.5,4.201530890897112,37.262949026155326,12.657142857142867,0.0150000000000432,311.8081818181818,71.90529247321027,4041.0,2019-07-01
211231260,Other ship,Undefined,24,6,2209.0,653074.0,3.8595190380761526,3.1,0.1,8.1,2.9634963041989404,36.018171550671546,10.762499999999996,0.014285714285719562,325.0499999999999,65.61029832247296,1996.0,2019-07-01
211222830,Other ship,Undefined,13,5,552.0,213123.0,5.220765027322403,5.9,0.1,8.0,2.112209896294977,19.904862278244632,6.200000000000002,0.10000000000002274,347.8,54.13254275330082,366.0,2019-07-01
211222350,Other ship,Undefined,20,6,374.0,253333.0,6.539473684210527,8.0,0.3,8.6,2.762586098031655,14.702841364043145,1.333333333333332,0.02857142857142847,299.0,43.38037474595502,1672.0,2019-07-01
211244230,Other ship,Undefined,78,12,62.0,226525.0,6.180817120622567,6.3,0.1,7.1,0.5791445766443437,5.0135468751334145,0.9071428571428726,0.0023809523809177327,292.37333333333333,25.10741235824721,2570.0,2019-07-01
211226200,Other ship,Undefined,16,7,3.0,96753.0,5.8515151515151524,5.8,5.7,6.1,0.11489454980875972,3.620833333333344,0.8250000000000028,0.05000000000001137,19.19999999999999,6.960060573142903,33.0,2019-07-01
244719000,Other ship,Undefined,67,8,1245.0,844089.0,6.8652882205513786,7.4,0.1,7.8,1.637269109313606,5.461547148503671,0.8333333333333144,0.03333333333330302,199.0,20.946372528672978,1596.0,2019-07-01
211225370,Other ship,Undefined,28,6,580.0,705906.0,6.818694885361552,7.4,0.1,8.8,2.0770757143995384,12.85547932330827,1.201666666666668,0.008333333333354176,334.43333333333334,43.96938229000707,567.0,2019-07-01
211222290,Other ship,Undefined,52,12,300.0,745690.0,0.29407894736842105,0.3,0.1,1.0,0.1786393577837296,78.31895,51.14999999999999,2.1999999999999886,304.5,106.7207796171737,304.0,2019-07-01
211293510,Other ship,Undefined,18,8,979.0,513071.0,2.9945107398568016,3.0,0.1,6.4,2.0031060657812274,48.07429209183673,13.829166666666662,0.1249999999999929,357.4,90.89805748613115,419.0,2019-07-01
244060659,Other ship,Undefined,84,20,0.0,19519.0,13.81131611316113,13.6,9.5,16.3,1.6798999690776355,8.228645329858919,0.3666666666666743,0.004761904761721779,344.05714285714276,45.190689460873756,813.0,2019-07-01
211182380,Other ship,Undefined,10,4,135.0,43155.0,9.044,8.3,1.7,15.2,4.101532234015315,17.375000000000004,17.375000000000004,5.100000000000001,29.65000000000001,17.359471478129745,25.0,2019-07-01
211897000,Other ship,Undefined,28,8,426.0,297149.0,8.063954685890835,9.5,0.1,10.8,3.3333427100564963,22.386429440389296,8.66249999999999,0.05000000000001137,331.4666666666667,50.30283501470149,971.0,2019-07-01
211749880,Other ship,Undefined,31,11,1455.0,373273.0,9.494981412639406,10.8,0.1,11.3,3.2551796426881814,3.241131562881564,1.4766666666666666,0.024999999999991473,42.708928571428544,7.01766972419791,538.0,2019-07-01
211223120,Other ship,Undefined,33,8,611.0,734304.0,7.167872191011235,9.2,0.1,11.5,4.1311631186444036,35.44684995103205,12.4275,0.024999999999977263,302.57777777777784,65.89214600090372,2848.0,2019-07-02
211231260,Other ship,Undefined,24,6,2209.0,653074.0,4.771882640586797,6.2,0.1,7.4,2.6016994117941956,42.8521186440678,4.73333333333332,0.07499999999998863,356.95,97.487334836345,409.0,2019-07-02
211222830,Other ship,Undefined,13,5,552.0,213123.0,3.9623721881390592,3.7,0.1,12.8,3.789520615109472,41.704864284134345,9.766666666666652,0.029999999999999364,358.2,88.24378700327131,489.0,2019-07-02
211244230,Other ship,Undefined,78,12,62.0,226525.0,5.821871202916159,6.0,4.8,7.1,0.5618319128483571,16.03796504369538,1.1999999999999886,0.009523809523841464,359.0166666666667,57.54542989907553,1646.0,2019-07-02
304010786,Other ship,Undefined,80,11,60.0,114351.0,4.832595693779903,4.8,2.5,6.1,0.7856787917384237,2.078682170542635,1.3833333333333258,5.684341886080803e-14,32.650000000000034,3.630752199522707,1672.0,2019-07-02
211225370,Other ship,Undefined,28,6,580.0,705906.0,7.406495263870095,7.8,0.1,8.3,1.4989467045949367,12.999622690606296,1.6416666666667084,0.03666666666663332,351.58333333333337,49.89100161362782,739.0,2019-07-02
211222290,Other ship,Undefined,52,12,300.0,745690.0,7.368032786885246,8.6,0.1,10.7,2.8561350495042004,19.405489265226525,0.9333333333333341,0.0028571428571240176,302.57142857142856,49.92380989171101,1586.0,2019-07-02
211293510,Other ship,Undefined,18,8,979.0,513071.0,3.135524256651017,3.0,0.1,6.8,1.777411205835647,47.81214990138067,7.56666666666667,0.14999999999997726,357.2000000000001,99.5322532164278,639.0,2019-07-02
211897000,Other ship,Undefined,28,8,426.0,297149.0,8.099356223175965,9.9,0.1,10.8,3.4249008568735877,25.93347798742138,9.266666666666707,0.0999999999999659,348.2399999999999,56.56595012729697,932.0,2019-07-02
211749880,Other ship,Undefined,31,11,1455.0,373273.0,2.1057926829268294,1.0,0.1,10.0,2.4713744322613134,51.83056566018522,27.166666666666664,0.17499999999998295,271.15,79.79868552277702,656.0,2019-07-02
211223120,Other ship,Undefined,33,8,611.0,734304.0,7.116681922196796,9.2,0.1,11.4,4.142476127388207,36.96670942149403,12.208333333333346,0.0150000000000432,335.06,71.39245904747592,4370.0,2019-07-03
211231260,Other ship,Undefined,24,6,2209.0,653074.0,0.09999999999999998,0.1,0.1,0.1,2.8037365333638836e-17,3.079999999999996,2.0,0.5,6.399999999999977,3.3945544626651607,50.0,2019-07-03
211222830,Other ship,Undefined,13,5,552.0,213123.0,4.883623693379792,6.8,0.1,7.6,3.0930064534098967,22.50382305194805,6.445000000000008,0.25,354.3,57.87136906731838,287.0,2019-07-03
244719000,Other ship,Undefined,67,8,1245.0,844089.0,10.12798861480076,10.2,8.9,10.9,0.5686694420691063,1.2962614870509617,0.8333333333333428,0.02380952380953261,14.333333333333346,2.1013193559449648,1054.0,2019-07-03
304010786,Other ship,Undefined,80,11,60.0,114351.0,6.480223123732253,6.7,5.2,7.2,0.5472073548953378,2.805572131806308,0.6500000000000483,5.684341886080803e-14,81.75555555555553,9.270537557637146,986.0,2019-07-03
211225370,Other ship,Undefined,28,6,580.0,705906.0,6.638086956521739,7.6,0.1,8.6,2.628063467316611,8.940921052631573,1.1874999999999858,0.01333333333337805,354.93333333333334,33.99893402161792,575.0,2019-07-03
211222290,Other ship,Undefined,52,12,300.0,745690.0,7.047185780787134,8.9,0.1,11.2,3.7428766225761967,12.767913306172748,0.8166666666666629,5.684341886080803e-14,266.24666666666667,35.798522721397944,4726.0,2019-07-03
212356000,Other ship,Undefined,105,16,50.0,158985.0,8.481621621621622,9.3,0.1,11.0,2.642142554995336,5.998444247264122,1.4500000000000028,3.552713678800501e-15,219.875,21.98920697643447,925.0,2019-07-03
211897000,Other ship,Undefined,28,8,426.0,297149.0,8.052508361204014,10.1,0.1,10.7,3.548485736907313,32.33549421661409,12.13333333333334,0.024999999999977263,342.1666666666667,65.93752193352483,1196.0,2019-07-03
211749880,Other ship,Undefined,31,11,1455.0,373273.0,3.0858341099720414,1.9,0.1,9.0,2.6215006073759226,35.607877101578396,11.502380952380918,0.03999999999996362,354.6,67.18301356710772,2146.0,2019-07-03
211223120,Other ship,Undefined,33,8,611.0,734304.0,6.9168738898756645,9.3,0.1,11.3,4.238095536706863,33.135433469173826,11.540833333333351,0.00666666666660376,353.11666666666673,69.13389621071758,3941.0,2019-07-04
211222830,Other ship,Undefined,13,5,552.0,213123.0,4.4123529411764695,6.9,0.1,8.6,3.341228965359273,33.946761294261286,12.899999999999974,0.09047619047618928,267.25,67.2471200327081,170.0,2019-07-04
211222350,Other ship,Undefined,20,6,374.0,253333.0,6.456747572815534,8.0,0.1,8.8,2.768503575747306,16.051298249768358,1.0833333333333304,0.03333333333333144,271.0,42.84514876357884,2060.0,2019-07-04
211244230,Other ship,Undefined,78,12,62.0,226525.0,10.447676874340024,10.3,9.2,11.8,0.5611590800057955,0.8854826981297559,0.4938095238095244,0.009523809523813044,15.876666666666635,1.804746531326952,1894.0,2019-07-04
211226200,Other ship,Undefined,16,7,3.0,96753.0,0.10127388535031846,0.1,0.1,0.2,0.011250419630332286,13.314851190476196,6.324999999999988,0.1500000000000341,330.31666666666666,45.487526241413825,157.0,2019-07-04
244719000,Other ship,Undefined,67,8,1245.0,844089.0,7.106781914893617,8.3,0.1,10.5,2.731308688786532,9.719019933554813,1.283333333333303,0.06666666666666288,218.5,35.13883089068941,752.0,2019-07-04
211225370,Other ship,Undefined,28,6,580.0,705906.0,6.336923076923077,7.4,0.1,8.7,2.721527143733152,24.3899388549194,1.9000000000000057,3.552713678800501e-15,359.3,63.28104906511733,910.0,2019-07-04
211222290,Other ship,Undefined,52,12,300.0,745690.0,5.461739864864866,5.1,0.1,11.3,3.7881133824753976,15.939975804882927,1.1114285714285614,2.8421709430404014e-14,335.175,45.268996116459824,3552.0,2019-07-04
212356000,Other ship,Undefined,105,16,50.0,158985.0,9.826166426166424,9.8,8.5,12.2,0.7608019477897431,0.790809832911568,0.4145833333333293,7.105427357601002e-15,27.163888888888888,2.1137092556420294,4158.0,2019-07-04
211897000,Other ship,Undefined,28,8,426.0,297149.0,7.100401069518718,9.3,0.1,10.8,3.7634879930370166,20.946711229946523,7.023333333333326,0.024999999999977263,252.4,42.601077714765786,748.0,2019-07-04
211749880,Other ship,Undefined,31,11,1455.0,373273.0,3.2595804195804194,2.3,0.1,9.6,2.8292791576649035,64.77098037789091,36.24380952380949,0.56,343.4166666666667,101.98856757551457,715.0,2019-07-04
211223120,Other ship,Undefined,33,8,611.0,734304.0,7.034917555771097,9.2,0.1,11.8,4.2411835726037745,39.80845643468237,11.730555555555586,3.552713678800501e-15,337.3833333333332,76.54263868505366,4124.0,2019-07-05
211651920,Other ship,Undefined,40,10,1881.0,473611.0,0.2913043478260869,0.1,0.1,1.8,0.5044466306380243,21.0,21.0,2.0,40.0,29.698484809834994,23.0,2019-07-05
211222830,Other ship,Undefined,13,5,552.0,213123.0,5.02116991643454,6.0,0.1,8.9,2.6552988598825498,27.09350751510043,4.0,0.02999999999997272,358.0,71.19684403477133,359.0,2019-07-05
211222350,Other ship,Undefined,20,6,374.0,253333.0,7.115208913649025,8.1,0.1,8.7,2.3775021785609547,11.255694514655358,1.0222222222222257,0.03333333333333144,332.1212121212121,36.16014702529362,1795.0,2019-07-05
211244230,Other ship,Undefined,78,12,62.0,226525.0,5.272065124250214,6.5,0.1,9.9,3.869998218588568,18.16329870902656,2.5416666666666567,0.006666666666660603,222.74166666666667,39.2280090267521,1167.0,2019-07-05
211462260,Other ship,Undefined,26,6,64.0,85008.0,11.688397790055248,11.8,2.7,17.3,1.9521341217238768,10.325441388676683,0.5,2.8421709430404014e-14,343.68000000000006,48.75224883664754,905.0,2019-07-05
211222290,Other ship,Undefined,52,12,300.0,745690.0,5.080942439606322,4.6,0.1,11.0,4.196798566124109,18.44181805586489,2.5773109243697405,0.006666666666646393,315.95454545454544,47.4516539837814,3353.0,2019-07-05
211897000,Other ship,Undefined,28,8,426.0,297149.0,8.473684210526315,10.2,0.1,10.7,3.27974272732395,33.20506849315069,12.108333333333327,0.025000000000034103,349.6500000000001,69.96176317524896,1007.0,2019-07-05
211749880,Other ship,Undefined,31,11,1455.0,373273.0,3.1069633292130203,2.1,0.1,10.6,2.7177451373120833,41.034015709860036,12.736607142857153,0.01333333333337805,350.2374999999999,74.81322781110319,2427.0,2019-07-05
244260938,Other ship,Undefined,20,6,25.0,11489.0,8.610121457489878,8.6,7.8,9.2,0.20416252878364305,11.130421052631572,1.4333333333333371,0.049999999999954525,300.94642857142856,40.796177774311296,494.0,2019-07-05
211223120,Other ship,Undefined,33,8,611.0,734304.0,6.853433787308027,8.5,0.1,11.4,4.126728950255332,37.14473562499137,12.305833333333332,0.01666666666665151,343.19818181818187,73.2548103965372,3451.0,2019-07-06
211231260,Other ship,Undefined,24,6,2209.0,653074.0,0.10073529411764703,0.1,0.1,0.2,0.008574929257125444,3.1075000000000044,3.0999999999999943,0.10000000000002274,7.699999999999988,3.713718345185647,136.0,2019-07-06
211222830,Other ship,Undefined,13,5,552.0,213123.0,5.755803571428572,6.6,0.1,7.5,1.8395900978367263,37.73084104938271,3.7555555555555458,0.04999999999998295,357.4,90.98331903234737,224.0,2019-07-06
211222350,Other ship,Undefined,20,6,374.0,253333.0,6.380887096774193,8.0,0.1,8.7,2.852202329938537,17.68818080719489,1.5,0.04761904761904745,324.5,51.023539293670005,1240.0,2019-07-06
211603970,Other ship,Undefined,23,5,93.0,43290.0,8.003389830508475,8.4,1.3,12.1,2.412250780530636,19.944736842105268,4.0,0.4999999999999858,123.2,39.47401726846713,59.0,2019-07-06
211244230,Other ship,Undefined,78,12,62.0,226525.0,5.896645253390436,6.0,0.1,7.5,0.8552335657129557,4.327108802308802,2.2100000000000364,0.009999999999990905,192.76999999999995,15.010354223275833,1401.0,2019-07-06
211462260,Other ship,Undefined,26,6,64.0,85008.0,10.219222761970855,11.1,0.4,18.1,4.162380923346287,10.753787221085013,1.3125000000000142,0.004999999999995453,196.4,28.110287522580034,1441.0,2019-07-06
304010786,Other ship,Undefined,80,11,60.0,114351.0,7.2344935296742525,7.0,0.1,9.6,1.3969455918813969,1.3077338217338221,0.4666666666666402,5.684341886080803e-14,53.19999999999999,3.6171000787959295,2241.0,2019-07-06
218706000,Other ship,Undefined,59,11,50.0,128975.0,9.267961745367604,9.0,0.2,10.9,1.0945774210137555,1.3051046300873297,0.4976190476190254,5.684341886080803e-14,18.399999999999977,2.62762075923094,1673.0,2019-07-06
211225370,Other ship,Undefined,28,6,580.0,705906.0,1.568815789473684,0.1,0.1,9.9,2.787831391223297,31.50985106382979,8.916666666666664,0.016666666666708352,355.9,75.76960029708519,760.0,2019-07-06
211222290,Other ship,Undefined,52,12,300.0,745690.0,4.259356956866297,0.8,0.1,11.8,4.6265644282677485,26.279681893225607,5.0862878787879,1.4210854715202004e-14,303.7352941176472,48.82463914884022,8833.0,2019-07-06
247102500,Other ship,Undefined,136,20,28.0,137785.0,11.806773977196515,11.8,11.2,12.7,0.25406967129646696,1.0828091842797738,0.6000000000000085,0.0238095238095184,13.5,2.13470155047371,1491.0,2019-07-06
211897000,Other ship,Undefined,28,8,426.0,297149.0,8.238867635807193,10.0,0.1,10.9,3.424088786143149,30.261546618647465,11.225000000000025,1.7763568394002505e-15,337.4,62.50166512075496,1307.0,2019-07-06
354749000,Other ship,Undefined,87,12,32.0,129030.0,7.036760925449871,7.0,5.6,7.9,0.4276150181336669,1.5158781753619222,1.0550000000000068,0.009999999999990905,23.355555555555586,2.5748193766953817,2723.0,2019-07-06
211223120,Other ship,Undefined,33,8,611.0,734304.0,6.6062143500450325,8.6,0.1,11.3,4.27061407217272,37.48180266325692,11.198412698412701,3.552713678800501e-15,301.07727272727277,72.42486955463744,3331.0,2019-07-07
211231260,Other ship,Undefined,24,6,2209.0,653074.0,0.10399999999999998,0.1,0.1,0.2,0.019794866372215742,7.100000000000023,7.100000000000023,1.7000000000000457,12.5,7.636753236814681,50.0,2019-07-07
211222830,Other ship,Undefined,13,5,552.0,213123.0,4.3473779385171785,6.2,0.1,7.8,3.1437477340329085,33.31470331309258,8.549999999999955,0.024999999999977263,356.5900000000001,80.61177285666463,553.0,2019-07-07
211244230,Other ship,Undefined,78,12,62.0,226525.0,6.677537372147917,6.7,5.5,7.4,0.4164312049134614,3.5848254738788703,0.6499999999999773,0.009523809523727778,354.75000000000006,24.07576858114005,2542.0,2019-07-07
211225370,Other ship,Undefined,28,6,580.0,705906.0,0.10396893874029337,0.1,0.1,0.3,0.019962772065082183,13.52736089841756,5.550000000000006,0.024999999999977263,352.6833333333333,40.033194033822795,3477.0,2019-07-07
211222290,Other ship,Undefined,52,12,300.0,745690.0,2.002792489167068,0.5,0.1,9.9,3.2475891744450918,42.672170486109856,20.48516483516481,0.01666666666666572,285.16235294117644,70.0241781354059,4154.0,2019-07-07
247102500,Other ship,Undefined,136,20,28.0,137785.0,9.786987179487179,10.9,0.1,12.8,2.726272006020944,2.0639886126114924,0.8333333333333144,0.0238095238095184,96.5,5.5097966252187165,3120.0,2019-07-07
211897000,Other ship,Undefined,28,8,426.0,297149.0,8.78029878618114,10.2,0.1,10.8,2.8450866492049958,30.661504474272927,8.854166666666657,0.00666666666666771,357.85,68.36678114362579,1071.0,2019-07-07
354749000,Other ship,Undefined,87,12,32.0,129030.0,6.869841815680879,7.0,0.1,8.9,1.0015133246928851,6.333076154806491,1.0,0.002380952380952817,248.9190476190477,23.816758450897325,2908.0,2019-07-07
211749880,Other ship,Undefined,31,11,1455.0,373273.0,3.3277367360644727,2.7,0.1,10.6,2.776969957651556,45.226526796770926,20.04500000000003,0.0999999999999659,308.79523809523806,71.89506342653166,1489.0,2019-07-07
211223120,Other ship,Undefined,33,8,611.0,734304.0,6.973129080863887,8.8,0.1,11.2,4.182676946465739,39.933901746228464,12.091634615384605,0.008333333333325754,346.4914285714285,80.87885348185942,3982.0,2019-07-08
211231260,Other ship,Undefined,24,6,2209.0,653074.0,0.09999999999999996,0.1,0.1,0.1,4.210381184095153e-17,6.1249999999999964,3.3499999999999943,2.0,20.5,8.296083413273998,45.0,2019-07-08
211222830,Other ship,Undefined,13,5,552.0,213123.0,4.281263616557734,5.3,0.1,7.7,2.691787148056457,16.305941475826973,6.1666666666666865,0.07500000000000018,353.25,43.88859550164764,459.0,2019-07-08
211222350,Other ship,Undefined,20,6,374.0,253333.0,6.2857073877353935,8.1,0.1,8.6,2.9400332689527957,15.84075817737235,1.1666666666666572,0.05000000000001137,319.0,45.128825565529176,2071.0,2019-07-08
211226200,Other ship,Undefined,16,7,3.0,96753.0,0.10397590361445784,0.1,0.1,0.2,0.01955103797072054,9.06622298065984,6.0333333333333465,0.03333333333335986,220.26666666666665,21.054907951536343,830.0,2019-07-08
244719000,Other ship,Undefined,67,8,1245.0,844089.0,0.4911504424778759,0.1,0.1,4.1,0.9597765292470699,43.143518518518526,12.733333333333334,0.25,198.0,70.13462666788168,113.0,2019-07-08
211225370,Other ship,Undefined,28,6,580.0,705906.0,3.758746898263027,0.4,0.1,8.6,3.9339634842835385,10.20527253668763,3.649999999999999,1.7763568394002505e-15,296.24,30.147083859024917,1612.0,2019-07-08
211293510,Other ship,Undefined,18,8,979.0,513071.0,3.6193033381712634,3.5,0.1,7.0,2.2105170346478884,51.51487949417886,10.949999999999989,0.006666666666660603,353.8,98.6477585945179,689.0,2019-07-08
211897000,Other ship,Undefined,28,8,426.0,297149.0,8.490051903114187,10.1,0.1,10.8,3.042890457273491,23.256383547008546,8.98999999999998,0.016666666666708352,335.6,50.488215401333655,1156.0,2019-07-08
354749000,Other ship,Undefined,87,12,32.0,129030.0,7.235052179251075,7.5,0.1,9.6,2.005629136033164,5.498584476525656,0.7464285714285381,0.011904761904759198,158.5592105263158,17.118082771326822,1629.0,2019-07-08
231695000,Other ship,Undefined,144,23,5.0,42053.0,11.943358668114367,12.1,10.8,13.2,0.4811680331881624,1.1950078492935634,0.720000000000006,1.4210854715202004e-14,16.799393939393948,2.2498739414232847,2763.0,2019-07-08
211749880,Other ship,Undefined,31,11,1455.0,373273.0,4.970769230769231,6.2,0.1,7.6,2.3406911121165286,31.35190867862295,8.421111111111118,0.03333333333333144,205.775,58.78315914780617,390.0,2019-07-08
319011900,Other ship,Undefined,45,9,19.0,13173.0,1.5787234042553189,0.9,0.1,8.0,1.4908322989426974,34.211666666666666,11.799999999999995,0.2333333333333201,229.5,73.57041019906517,47.0,2019-07-08
211223120,Other ship,Undefined,33,8,611.0,734304.0,7.416783216783217,9.8,0.1,11.3,4.019451875564696,35.15102885798841,11.370000000000012,2.8421709430404014e-14,346.6192307692308,69.31073050584621,3432.0,2019-07-09
211231260,Other ship,Undefined,24,6,2209.0,653074.0,0.1,0.1,0.1,0.1,0.0,12.5,11.399999999999974,2.099999999999966,23.399999999999977,14.531279889882205,34.0,2019-07-09
211603970,Other ship,Undefined,23,5,93.0,43290.0,7.300000000000002,7.0,6.8,8.7,0.7228416147400479,5.366666666666664,1.5,1.1999999999999995,13.399999999999993,8.517237423797297,9.0,2019-07-09
211244230,Other ship,Undefined,78,12,62.0,226525.0,8.792073011734027,9.5,0.1,10.7,2.058311333352408,4.419496151874405,0.4166666666666288,1.4210854715202004e-14,281.8805555555556,20.668018823311094,3835.0,2019-07-09
211226200,Other ship,Undefined,16,7,3.0,96753.0,0.10231362467866324,0.1,0.1,0.2,0.015052976705759284,8.441491228070173,6.800000000000012,0.016666666666623087,32.099999999999994,10.733045809218778,389.0,2019-07-09
244719000,Other ship,Undefined,67,8,1245.0,844089.0,0.10000000000000003,0.1,0.1,0.1,2.824686288200359e-17,1.0,1.0,1.0,1.0,0.0,29.0,2019-07-09
211225370,Other ship,Undefined,28,6,580.0,705906.0,6.572334293948129,7.0,0.1,8.2,1.7309945763013492,6.610814814814815,0.8708333333333371,5.684341886080803e-14,228.11666666666665,26.12883607781876,347.0,2019-07-09
211293510,Other ship,Undefined,18,8,979.0,513071.0,3.3698412698412694,5.1,0.1,5.7,2.495779335303382,97.74166666666666,26.25000000000001,1.1333333333333333,358.3,158.967715595701,63.0,2019-07-09
211897000,Other ship,Undefined,28,8,426.0,297149.0,8.357719298245613,10.0,0.1,10.7,3.0958271598217966,27.336963162623547,10.874999999999995,0.016666666666672825,328.5,54.796086242796704,1140.0,2019-07-09
354749000,Other ship,Undefined,87,12,32.0,129030.0,9.133130236100532,9.2,8.2,10.0,0.39198217621564396,0.7782788161993757,0.3999999999999986,1.4210854715202004e-14,14.572222222222226,2.0132679542295198,1313.0,2019-07-09
256998000,Other ship,Undefined,186,30,0.0,19003.0,9.088871951219513,9.1,8.9,9.3,0.11792587427172975,0.24023587004895386,0.15238095238100868,0.004999999999995453,2.299999999999983,0.3811095176549062,656.0,2019-07-09
231695000,Other ship,Undefined,144,23,5.0,42053.0,11.91356275303644,12.0,11.5,12.2,0.16238042599950478,0.8583233082706759,0.6500000000000057,0.008333333333325754,6.509999999999983,1.2437089295727248,494.0,2019-07-09
211749880,Other ship,Undefined,31,11,1455.0,373273.0,3.983227176220807,4.6,0.1,7.6,2.58290513276754,43.423140228818795,19.602272727272755,0.27999999999999936,262.3875,73.55332493934397,471.0,2019-07-09
319011900,Other ship,Undefined,45,9,19.0,13173.0,10.38568894145476,10.9,0.1,12.4,1.3991742434523151,1.526693310657596,0.4716666666666356,0.006666666666632182,22.977083333333297,3.251489855577266,1691.0,2019-07-09
211223120,Other ship,Undefined,33,8,611.0,734304.0,6.948634336677816,8.95,0.1,11.2,4.164638107715054,33.42472592596329,11.853333333333325,0.01666666666666572,348.97857142857146,65.45808011678417,3588.0,2019-07-10
211231260,Other ship,Undefined,24,6,2209.0,653074.0,7.231620931716655,7.5,0.1,8.5,1.1491814716541209,4.1398319327731095,2.259999999999991,0.016666666666708352,319.875,14.61977758740699,3134.0,2019-07-10
211222830,Other ship,Undefined,13,5,552.0,213123.0,5.467159763313608,6.5,0.1,7.0,2.073547880130863,51.56067535473786,5.5042832167832385,0.0333333333333341,356.0,106.95590456800808,338.0,2019-07-10
211222350,Other ship,Undefined,20,6,374.0,253333.0,6.567989056087551,8.2,0.1,8.7,2.900202014232322,23.007108437371592,1.1666666666666643,0.05000000000000071,350.0,62.71010483165208,1462.0,2019-07-10
211244230,Other ship,Undefined,78,12,62.0,226525.0,7.3127878996218625,7.9,0.1,8.6,1.8077800960188493,10.203935610056693,0.3666666666666387,7.105427357601002e-15,357.8047619047619,42.30385538392282,2909.0,2019-07-10
211462260,Other ship,Undefined,26,6,64.0,85008.0,13.439966694421315,13.9,2.1,15.9,2.05657919830232,8.001948938001567,1.1333333333333329,0.0013888888888118345,222.87976190476195,28.39249529871923,1201.0,2019-07-10
211226200,Other ship,Undefined,16,7,3.0,96753.0,0.10522788203753353,0.1,0.1,0.3,0.023448108066197,11.367334041423259,6.4750000000000085,0.07500000000001705,326.1,31.30327038732339,746.0,2019-07-10
244719000,Other ship,Undefined,67,8,1245.0,844089.0,6.9808677469942495,7.3,0.1,7.9,1.1997907243291168,6.193074633699636,0.8761904761904873,0.023809523809523725,297.33333333333337,25.48964412169441,1913.0,2019-07-10
636091104,Other ship,Undefined,167,26,131.0,186278.0,13.890697674418604,13.6,12.4,15.6,0.8383559750367912,0.8920814026093508,0.5100000000000193,0.004761904761949154,16.05026737967907,1.7662356003668702,3096.0,2019-07-10
211225370,Other ship,Undefined,28,6,580.0,705906.0,4.6161554192229035,7.1,0.1,8.2,3.232215645001949,13.59182835820896,2.1325000000000074,0.03333333333330302,300.55,42.756499920933116,489.0,2019-07-10
211222290,Other ship,Undefined,52,12,300.0,745690.0,6.355311465543183,8.3,0.1,10.1,3.6021288504797417,7.593909100901079,0.6850000000000165,2.8421709430404014e-14,254.23333333333335,27.95562583580465,3323.0,2019-07-10
211293510,Other ship,Undefined,18,8,979.0,513071.0,3.1513800424628453,3.3,0.1,6.4,2.152048308290934,52.28295327038861,16.27083333333335,0.4333333333333336,349.6500000000001,96.80546685861523,471.0,2019-07-10
211897000,Other ship,Undefined,28,8,426.0,297149.0,7.626404494382022,10.1,0.1,10.7,3.9649773151476473,30.863113924050637,11.349999999999964,0.045000000000001705,344.08333333333337,62.91739926106178,1424.0,2019-07-10
354749000,Other ship,Undefined,87,12,32.0,129030.0,8.821134393063584,8.8,8.0,9.8,0.3655540907718136,0.6724745547073798,0.33166666666666345,7.105427357601002e-15,20.333076923076927,1.7982257534909454,2768.0,2019-07-10
256998000,Other ship,Undefined,186,30,0.0,19003.0,9.761231884057972,9.1,7.4,12.1,1.4978984792233114,3.180117884287266,0.2833333333333324,2.8421709430404014e-14,256.17619047619047,20.24192668236416,3864.0,2019-07-10
211749880,Other ship,Undefined,31,11,1455.0,373273.0,4.316731517509728,5.0,0.1,8.9,2.997276142648827,28.157991718426505,8.950000000000017,0.033333333333416704,171.2,52.82768420280299,257.0,2019-07-10
319011900,Other ship,Undefined,45,9,19.0,13173.0,11.696864111498256,11.7,10.7,12.4,0.33318953157057063,5.371349206349207,0.4166666666666288,5.684341886080803e-14,353.7619047619048,34.96905299926631,1435.0,2019-07-10
211231260,Other ship,Undefined,24,6,2209.0,653074.0,0.14010416666666667,0.1,0.1,1.0,0.15588285836578122,10.275649717514119,4.98333333333332,0.17499999999998295,120.77499999999998,19.253972106369343,192.0,2019-07-11
211222830,Other ship,Undefined,13,5,552.0,213123.0,6.034610917537748,6.7,0.1,12.5,1.9534907915978037,40.51673957860322,4.0,0.04509803921567368,357.9,90.6814331499306,861.0,2019-07-11
211222350,Other ship,Undefined,20,6,374.0,253333.0,6.629166666666666,8.2,0.1,8.8,2.910606410895225,17.38590750045974,1.333333333333332,0.028571428571410706,331.5,51.08208683115301,936.0,2019-07-11
211603970,Other ship,Undefined,23,5,93.0,43290.0,7.05,6.95,0.4,11.7,1.8891419064901245,4.4518518518518535,2.8500000000000227,0.06666666666666288,11.0,6.15754643396376,36.0,2019-07-11
211462260,Other ship,Undefined,26,6,64.0,85008.0,8.285159972770591,9.0,0.2,15.4,4.172426068440084,16.539305886743072,1.8833333333333293,3.552713678800501e-15,312.9000000000001,47.67992574035984,1469.0,2019-07-11
211226200,Other ship,Undefined,16,7,3.0,96753.0,0.10639686684073107,0.1,0.1,0.3,0.025013861581455844,9.985697211155376,7.100000000000023,0.09999999999999433,339.8666666666667,24.224061015524263,766.0,2019-07-11
244719000,Other ship,Undefined,67,8,1245.0,844089.0,8.732295719844357,8.8,7.7,9.5,0.3653482538985292,1.8732283464566928,0.8333333333333286,0.07142857142858361,21.599999999999994,3.497979099782675,1542.0,2019-07-11
636091104,Other ship,Undefined,167,26,131.0,186278.0,11.702120141342757,11.1,5.0,14.6,2.142580305216487,2.223025691376206,0.5625,0.014285714285705353,26.48333333333332,4.748587692109887,566.0,2019-07-11
211225370,Other ship,Undefined,28,6,580.0,705906.0,4.139726027397261,5.7,0.1,7.2,3.1332774696273358,33.129,12.549999999999983,0.05500000000006367,140.64500000000004,55.33172872065697,73.0,2019-07-11
211222290,Other ship,Undefined,52,12,300.0,745690.0,3.4365187713310585,0.6,0.1,9.5,3.6662653622568886,28.210679563492064,6.065833333333316,0.025000000000005684,225.0,56.63520787012529,586.0,2019-07-11
211897000,Other ship,Undefined,28,8,426.0,297149.0,8.542016057091882,10.0,0.1,10.9,3.1782675879252564,33.24936688311689,10.925000000000011,0.05000000000001137,333.95,72.94861118653922,1121.0,2019-07-11
211749880,Other ship,Undefined,31,11,1455.0,373273.0,0.1,0.1,0.1,0.1,1.4001148347678515e-17,41.94000000000001,12.600000000000026,1.5200000000000031,172.15,72.69789325723549,57.0,2019-07-11
373582000,Other ship,Undefined,210,32,0.0,54285.0,13.927972937809002,14.0,12.2,16.8,0.6186379282790931,0.7314289763588909,0.14000000000001478,1.4210854715202004e-14,17.972222222222253,2.214541024653078,3843.0,2019-07-11
248384000,Other ship,Undefined,77,13,1.0,23165.0,10.902711864406779,10.9,10.3,11.3,0.2512508092730477,0.5568548434402102,0.1507142857142867,5.684341886080803e-14,12.110416666666596,1.499207998719989,1475.0,2019-07-11
211223120,Other ship,Undefined,33,8,611.0,734304.0,7.198569815581482,9.3,0.1,11.4,4.081100585619888,39.63179311087689,13.616666666666674,0.01666666666665151,350.7750000000001,77.61053492949684,2657.0,2019-07-12
211231260,Other ship,Undefined,24,6,2209.0,653074.0,0.09999999999999996,0.1,0.1,0.1,5.595703109475383e-17,5.742063492063498,4.100000000000024,0.2333333333333485,17.633333333333386,7.3091971806708065,63.0,2019-07-12
211222830,Other ship,Undefined,13,5,552.0,213123.0,5.232751091703057,5.7,0.1,7.8,1.8253464643974864,35.74357093342387,3.799999999999997,0.05000000000001137,297.0214285714285,71.91883617443807,1145.0,2019-07-12
211222350,Other ship,Undefined,20,6,374.0,253333.0,7.353280196198652,7.9,0.1,8.5,1.7987077759212908,8.039198412698411,1.0,0.03333333333333144,298.7142857142857,30.80457532882588,1631.0,2019-07-12
211226200,Other ship,Undefined,16,7,3.0,96753.0,6.5299999999999985,6.6,0.2,8.1,0.7495204636307952,8.189082733812949,2.321666666666665,0.010000000000005116,213.545,23.19147594441717,1060.0,2019-07-12
244719000,Other ship,Undefined,67,8,1245.0,844089.0,3.4467532467532465,1.1,0.1,9.3,3.898681530162565,45.84594155844156,11.416666666666671,0.1666666666666856,348.4523809523809,92.45676753727443,231.0,2019-07-12
304219000,Other ship,Undefined,166,21,0.0,8584.0,11.715800000000005,11.9,10.2,12.9,0.7990674995698855,1.7817409442409466,0.4833333333333343,2.8421709430404014e-14,19.938596491228022,3.4707662451058945,1000.0,2019-07-12
211225370,Other ship,Undefined,28,6,580.0,705906.0,5.172357723577235,7.3,0.1,9.2,3.5877165760594325,18.62612745098039,2.8008333333333297,0.040000000000020464,267.98,43.62265259707239,615.0,2019-07-12
211222290,Other ship,Undefined,52,12,300.0,745690.0,0.3919220055710306,0.4,0.1,2.6,0.2612099789781281,85.66333333333334,53.28333333333339,26.599999999999994,236.04,122.6235381383018,359.0,2019-07-12
211293510,Other ship,Undefined,18,8,979.0,513071.0,0.12142857142857147,0.1,0.1,0.2,0.04258153136263202,15.416666666666675,12.675000000000011,1.0,46.19999999999999,19.511321499751546,14.0,2019-07-12
211897000,Other ship,Undefined,28,8,426.0,297149.0,8.476223241590214,10.1,0.1,10.7,3.1619038920410847,36.04812611499931,11.533333333333358,0.03333333333333144,354.7999999999999,74.0200451455998,1308.0,2019-07-12
211749880,Other ship,Undefined,31,11,1455.0,373273.0,3.1236040609137063,1.0,0.1,7.1,3.1130156387346286,42.20608951175407,9.400000000000006,0.01999999999999957,353.31904761904764,89.08819321036135,394.0,2019-07-12
248384000,Other ship,Undefined,77,13,1.0,23165.0,11.485522450692404,11.4,10.4,12.8,0.485209678181032,2.059136419136418,0.21309523809526354,0.004761904761892311,327.58205128205134,18.166201300008677,2383.0,2019-07-12
211223120,Other ship,Undefined,33,8,611.0,734304.0,6.626802884615384,8.1,0.1,13.5,4.224956596874588,36.15718199689199,12.371874999999989,5.684341886080803e-14,354.4000000000001,70.95062129673006,3328.0,2019-07-13
211231260,Other ship,Undefined,24,6,2209.0,653074.0,0.1,0.1,0.1,0.1,1.394841313826965e-17,4.628525641025641,2.575000000000017,0.05000000000006821,27.84999999999991,6.193164389031872,99.0,2019-07-13
211222830,Other ship,Undefined,13,5,552.0,213123.0,3.7304428044280447,4.4,0.1,7.0,3.1074853560302715,35.74297535037261,5.2233333333333585,0.19722222222222285,263.92121212121214,68.47534952180003,542.0,2019-07-13
211222350,Other ship,Undefined,20,6,374.0,253333.0,7.4308705193855165,8.3,0.1,8.6,2.357728834961897,10.845094086021504,0.8333333333333357,0.03333333333333144,342.0,46.04661733860155,1367.0,2019-07-13
211603970,Other ship,Undefined,23,5,93.0,43290.0,6.30915371329879,7.1,0.1,12.1,2.7525331162251474,36.95702674897119,5.341666666666684,0.0666666666666682,350.975,82.0174427859349,579.0,2019-07-13
211226200,Other ship,Undefined,16,7,3.0,96753.0,4.758201304753028,6.0,0.1,8.0,2.526344241136898,22.949731182795702,2.5083333333333613,0.009999999999998009,285.08,54.078835767394885,2146.0,2019-07-13
636091104,Other ship,Undefined,167,26,131.0,186278.0,11.45107564191534,11.6,3.4,14.8,1.52286755113572,1.333134600614439,0.4107142857142856,0.014285714285712459,17.812500000000018,2.8467170720513955,1441.0,2019-07-13
304219000,Other ship,Undefined,166,21,0.0,8584.0,7.7933127572016465,8.95,0.1,11.9,3.5855509515384214,2.8989843104872035,1.1857142857143117,0.01666666666667993,86.99999999999996,7.760354370240928,972.0,2019-07-13
211225370,Other ship,Undefined,28,6,580.0,705906.0,7.005537459283389,7.9,0.1,8.5,2.0156650676611165,15.778369599495427,1.4666666666666968,0.005000000000023874,223.325,44.17537835836813,614.0,2019-07-13
211222290,Other ship,Undefined,52,12,300.0,745690.0,0.4715789473684211,0.4,0.1,3.7,0.35289858714527506,23.109854497354487,18.6225,0.6666666666666288,63.43000000000001,30.14956497934687,665.0,2019-07-13
211293510,Other ship,Undefined,18,8,979.0,513071.0,0.12000000000000002,0.1,0.1,0.2,0.042163702135578386,2.250000000000014,2.250000000000014,1.299999999999983,3.200000000000045,3.181980515339484,10.0,2019-07-13
211897000,Other ship,Undefined,28,8,426.0,297149.0,7.77589641434263,10.0,0.1,10.8,3.8155543733478425,35.04804750402577,10.4575,0.04666666666666597,335.49999999999994,72.44280477346089,1506.0,2019-07-13
211749880,Other ship,Undefined,31,11,1455.0,373273.0,2.5543761638733704,1.8,0.1,7.3,2.510092291206161,32.84182667845963,10.758333333333326,0.05000000000001137,250.24523809523808,58.874466816230075,1074.0,2019-07-13
211223120,Other ship,Undefined,33,8,611.0,734304.0,7.084807692307693,9.3,0.1,11.3,4.196224735557193,35.25564812316111,11.812499999999945,0.01666666666667993,343.775,69.12251040915656,2080.0,2019-07-14
211231260,Other ship,Undefined,24,6,2209.0,653074.0,0.09999999999999998,0.1,0.1,0.1,2.796505462980808e-17,4.243229166666667,3.4499999999999886,0.10000000000002274,11.050000000000011,3.7493909613453993,67.0,2019-07-14
211222350,Other ship,Undefined,20,6,374.0,253333.0,8.446482577251807,8.4,7.5,9.4,0.5461490071570364,2.3360908353609084,0.6999999999999993,0.03333333333333144,338.57142857142856,20.56546374302616,1521.0,2019-07-14
211603970,Other ship,Undefined,23,5,93.0,43290.0,9.482222222222221,11.8,0.1,16.4,4.507281426601391,9.6,2.75,0.5,72.30000000000003,19.6307327083496,45.0,2019-07-14
211226200,Other ship,Undefined,16,7,3.0,96753.0,5.462576687116566,6.6,0.5,8.3,2.3400982856210835,13.35913461538461,7.887500000000002,0.25,153.75,25.794500185383853,163.0,2019-07-14
304010786,Other ship,Undefined,80,11,60.0,114351.0,7.977415666094911,7.9,1.1,8.9,0.3289066545698596,1.0152388463271749,0.414999999999992,0.004761904761906521,13.997142857142846,2.059568794650097,1749.0,2019-07-14
211225370,Other ship,Undefined,28,6,580.0,705906.0,6.71260945709282,7.8,0.1,8.5,2.537504372793374,13.59690618762475,0.9999999999999716,0.05000000000001137,354.2999999999999,46.82745823668605,571.0,2019-07-14
211897000,Other ship,Undefined,28,8,426.0,297149.0,7.800539811066128,10.1,0.1,10.7,3.7666207853515954,32.24213104325699,10.716666666666667,0.09999999999999433,348.45,69.67043690832656,741.0,2019-07-14
236307000,Other ship,Undefined,88,12,150.0,120407.0,8.666666666666666,8.6,8.5,9.2,0.13743166505153062,0.3774074074074075,0.26833333333331666,2.8421709430404014e-14,4.066666666666721,0.6235464056243227,780.0,2019-07-14
211363240,Other ship,Undefined,16,4,12.0,6664.0,3.387927565392354,3.5,0.8,4.9,0.8905955390060564,4.075111111111111,2.5833333333333712,0.05000000000001137,57.72499999999997,7.492675465609487,497.0,2019-07-14
211223120,Other ship,Undefined,33,8,611.0,734304.0,7.298740440845703,9.6,0.1,11.2,4.062698113883423,37.29078810500177,14.200000000000005,0.03333333333335986,349.12000000000006,71.7219406400205,2223.0,2019-07-15
211231260,Other ship,Undefined,24,6,2209.0,653074.0,0.10000000000000002,0.1,0.1,0.1,1.4142150377568167e-17,2.039999999999998,1.1999999999999886,0.30000000000001137,5.599999999999965,3.029026246172184,27.0,2019-07-15
211651920,Other ship,Undefined,40,10,1881.0,473611.0,9.670833333333333,10.6,0.1,11.6,2.532543119597797,13.812050982466207,0.8666666666666742,0.0238095238095184,329.60576923076917,47.03579115240139,2232.0,2019-07-15
211222830,Other ship,Undefined,13,5,552.0,213123.0,5.743636363636362,6.3,0.1,8.7,1.7268782954945352,37.62024691358025,6.125,0.05000000000001137,355.9,87.47699023163763,165.0,2019-07-15
244719000,Other ship,Undefined,67,8,1245.0,844089.0,7.03639679066375,7.3,0.1,8.0,0.950034113926826,3.9628997867803823,0.8000000000000114,0.03333333333330302,200.8333333333333,16.64685149926273,1371.0,2019-07-15
304010786,Other ship,Undefined,80,11,60.0,114351.0,8.571830985915499,8.6,8.5,8.7,0.06586370904385855,0.4445887445887319,0.26666666666667993,0.06999999999999318,1.878571428571405,0.6774441795216346,71.0,2019-07-15
211225370,Other ship,Undefined,28,6,580.0,705906.0,5.704508856682769,7.6,0.1,8.4,3.1739838036462205,10.745782312925172,1.8499999999999943,0.004999999999995453,354.74999999999994,37.00372802559254,621.0,2019-07-15
211222290,Other ship,Undefined,52,12,300.0,745690.0,0.4979591836734694,0.4,0.1,2.1,0.3843228872089887,17.650000000000006,17.650000000000006,16.300000000000008,19.0,24.960869375885128,49.0,2019-07-15
211293510,Other ship,Undefined,18,8,979.0,513071.0,2.508734939759036,2.6,0.1,6.1,1.812648300985482,45.06853046594982,13.639999999999983,0.0999999999999659,358.85,89.03586011171205,332.0,2019-07-15
211897000,Other ship,Undefined,28,8,426.0,297149.0,8.057486910994765,9.9,0.1,10.8,3.477317028930815,30.684146341463407,9.366666666666674,0.015000000000014781,331.25000000000006,66.72505364560959,955.0,2019-07-15
236307000,Other ship,Undefined,88,12,150.0,120407.0,8.411032635168048,8.4,7.7,9.4,0.39544613071370455,0.7628458223780311,0.3166666666666629,5.684341886080803e-14,29.501298701298765,2.1991812984328893,4106.0,2019-07-15
211749880,Other ship,Undefined,31,11,1455.0,373273.0,4.114509803921568,3.8,0.1,7.4,2.572299403055692,24.862254126973763,6.499999999999943,0.01999999999998181,219.125,50.59157192616031,510.0,2019-07-15
211363240,Other ship,Undefined,16,4,12.0,6664.0,4.2586294416243655,4.3,0.1,5.8,0.7107242120499973,6.2245442708333325,2.2475000000000094,0.07500000000000284,287.3,27.534947410417537,394.0,2019-07-15
211223120,Other ship,Undefined,33,8,611.0,734304.0,7.331623717788341,9.9,0.1,11.2,4.068362356376417,40.549510139784104,14.157142857142857,5.684341886080803e-14,356.43333333333334,77.57576645950363,3997.0,2019-07-16
211231260,Other ship,Undefined,24,6,2209.0,653074.0,0.09999999999999996,0.1,0.1,0.1,5.611128922641538e-17,5.204545454545451,3.1999999999999886,0.2499999999999432,25.0,7.845267826704668,47.0,2019-07-16
211651920,Other ship,Undefined,40,10,1881.0,473611.0,6.042083333333332,7.2,0.1,10.1,3.20370141469719,27.679365079365077,7.958333333333344,0.1666666666666714,183.5,54.07487756970517,240.0,2019-07-16
211222830,Other ship,Undefined,13,5,552.0,213123.0,5.68543046357616,6.0,0.1,7.5,1.175550784440688,25.4284126984127,3.933333333333323,0.3499999999999943,349.5,66.18412089685579,151.0,2019-07-16
211462260,Other ship,Undefined,26,6,64.0,85008.0,11.365391969407264,12.1,0.8,17.0,4.194700140898069,13.735239688764395,2.5600000000000023,2.8421709430404014e-14,196.23690476190475,36.32585304252572,1046.0,2019-07-16
244719000,Other ship,Undefined,67,8,1245.0,844089.0,9.055128205128208,9.2,0.1,10.1,1.1036748660570896,8.315708101422386,0.8333333333333286,0.06666666666667709,350.4,37.83516868090491,1326.0,2019-07-16
304010786,Other ship,Undefined,80,11,60.0,114351.0,7.980345821325648,8.2,0.1,8.8,1.090564490008225,2.1819714285714324,0.5600000000000307,5.684341886080803e-14,114.80000000000004,10.10131428317819,1735.0,2019-07-16
211225370,Other ship,Undefined,28,6,580.0,705906.0,6.5275910364145675,7.6,0.1,8.4,2.646616951039504,25.75857007575757,1.3275000000000148,0.0033333333333303017,359.14,67.76103407129875,714.0,2019-07-16
211222290,Other ship,Undefined,52,12,300.0,745690.0,3.515828993581204,0.6,0.1,10.5,3.9880636030721237,35.46087147449483,3.1642857142857115,5.684341886080803e-14,357.9000000000001,68.14053972728719,8257.0,2019-07-16
211293510,Other ship,Undefined,18,8,979.0,513071.0,0.1422222222222222,0.1,0.1,0.8,0.1469212666221558,25.199999999999992,10.800000000000011,3.0,104.15,42.96868368681751,45.0,2019-07-16
211897000,Other ship,Undefined,28,8,426.0,297149.0,8.151176470588236,10.0,0.1,10.6,3.384758974468585,36.584031007751925,13.133333333333335,0.05999999999997385,329.8666666666667,74.11533262780486,1020.0,2019-07-16
211749880,Other ship,Undefined,31,11,1455.0,373273.0,3.821195652173913,3.6,0.1,7.0,2.3879663539641776,49.15502047720798,20.769444444444442,0.00833333333333286,217.9625,76.94212722959219,368.0,2019-07-16
355911000,Other ship,Undefined,101,20,6.0,28817.0,10.222954048140043,11.4,0.1,12.6,2.6991167755380334,1.153302237668436,0.3333333333333144,5.684341886080803e-14,34.15000000000001,2.809772322307344,4570.0,2019-07-16
211223120,Other ship,Undefined,33,8,611.0,734304.0,7.326836840289755,9.9,0.1,11.1,4.106739738711632,37.9239885241545,13.465259740259759,0.01666666666666572,341.24273504273503,73.79741176328758,2899.0,2019-07-17
211231260,Other ship,Undefined,24,6,2209.0,653074.0,0.10268456375838923,0.1,0.1,0.2,0.016217727724465412,3.701228571428569,1.7300000000000182,0.06666666666677656,27.569999999999933,6.10335639839053,149.0,2019-07-17
211651920,Other ship,Undefined,40,10,1881.0,473611.0,2.933333333333335,1.95,0.1,8.5,3.0074839982949206,52.453125,32.25,6.166666666666668,212.75,77.29967004834712,126.0,2019-07-17
211222830,Other ship,Undefined,13,5,552.0,213123.0,5.788430493273543,6.4,0.1,8.7,1.7939359378951152,21.741806400104718,5.00333333333333,0.06666666666666288,357.7999999999999,50.8820105253836,2230.0,2019-07-17
211222350,Other ship,Undefined,20,6,374.0,253333.0,8.084063260340631,8.2,7.1,8.6,0.33848057121418224,2.202263581488934,0.7619047619047592,0.03333333333333144,36.1875,4.638238097217124,822.0,2019-07-17
211603970,Other ship,Undefined,23,5,93.0,43290.0,5.92542372881356,6.4,0.1,9.5,2.143413143654157,34.636711711711705,4.699999999999988,0.4000000000000004,356.5,83.49928921613404,118.0,2019-07-17
211226200,Other ship,Undefined,16,7,3.0,96753.0,4.313598074608905,6.3,0.1,8.2,3.0516036356487586,25.41948412698413,6.025000000000019,0.008333333333268909,354.65,59.66295404447885,831.0,2019-07-17
244719000,Other ship,Undefined,67,8,1245.0,844089.0,0.5141176470588236,0.3,0.1,1.8,0.5010410325061072,45.06785714285714,12.999999999999984,0.19999999999998866,231.46666666666667,77.06449385243509,170.0,2019-07-17
211225370,Other ship,Undefined,28,6,580.0,705906.0,6.776404494382023,7.2,0.1,8.1,1.8784934012283927,2.6512647209421347,1.1000000000000227,5.684341886080803e-14,30.21666666666667,5.358447041081031,356.0,2019-07-17
211222290,Other ship,Undefined,52,12,300.0,745690.0,3.1812506154603644,3.3,0.1,10.2,2.699401923072432,60.08385431365154,30.79000000000002,2.8421709430404014e-14,335.80333333333334,92.7769141399782,10155.0,2019-07-17
211293510,Other ship,Undefined,18,8,979.0,513071.0,3.582647584973166,4.8,0.1,6.3,2.3576086243819785,55.4252083902084,10.833333333333313,0.07999999999998407,356.36666666666673,96.78099839892263,559.0,2019-07-17
211182380,Other ship,Undefined,10,4,135.0,43155.0,6.402941176470589,6.65,0.4,8.4,1.8912974767978403,31.67559523809524,5.374999999999997,1.2333333333333272,248.84,73.7148100243508,68.0,2019-07-17
211897000,Other ship,Undefined,28,8,426.0,297149.0,7.852677787532924,10.0,0.1,10.6,3.6223092350017456,31.787905733722067,10.699999999999989,0.025000000000005684,332.96,67.39359300878921,1139.0,2019-07-17
236307000,Other ship,Undefined,88,12,150.0,120407.0,9.508597560975609,9.5,8.8,10.3,0.35984266644523083,0.5050586080586082,0.24166666666666006,1.4210854715202004e-14,8.316666666666663,1.1461879795038543,1640.0,2019-07-17
211749880,Other ship,Undefined,31,11,1455.0,373273.0,2.593789341166597,1.1,0.1,9.0,2.6083641284600145,33.120306789062845,10.543749999999989,0.025000000000034103,337.6,61.41847884085895,2383.0,2019-07-17
355911000,Other ship,Undefined,101,20,6.0,28817.0,8.440350877192982,8.4,7.8,8.9,0.21618415522982012,2.831166666666665,2.199166666666628,0.01999999999998181,9.299999999999985,4.00261144651999,57.0,2019-07-17
211223120,Other ship,Undefined,33,8,611.0,734304.0,6.1375249139336825,7.6,0.1,12.4,4.570158229961773,22.27247200779686,4.963382352941181,2.8421709430404014e-14,328.0333333333333,50.78498867112755,5519.0,2019-07-18
211231260,Other ship,Undefined,24,6,2209.0,653074.0,0.1,0.1,0.1,0.1,1.3936467933425267e-17,10.749111111111114,5.032499999999999,0.5999999999999659,91.27499999999998,23.81906199489665,119.0,2019-07-18
211222830,Other ship,Undefined,13,5,552.0,213123.0,5.610709318497914,6.7,0.1,9.8,2.4746136362911235,28.987283250426326,4.78194444444442,0.03392857142853245,320.38461538461536,63.377927194498064,1438.0,2019-07-18
211603970,Other ship,Undefined,23,5,93.0,43290.0,4.4173913043478255,5.35,0.7,12.2,2.6149447369048566,47.25240740740742,13.133333333333326,0.26666666666666683,233.0,82.4035320499188,92.0,2019-07-18
244719000,Other ship,Undefined,67,8,1245.0,844089.0,8.634844668345929,8.7,0.1,10.0,0.7824997362276485,21.39375487900078,0.8333333333333144,0.03333333333330302,286.4,57.63535678290288,1191.0,2019-07-18
304010786,Other ship,Undefined,80,11,60.0,114351.0,6.39313725490196,7.8,0.1,8.4,2.867708880398973,3.8423487509757996,0.4666666666666641,1.4210854715202004e-14,111.19999999999996,11.835361045513489,1632.0,2019-07-18
211225370,Other ship,Undefined,28,6,580.0,705906.0,6.069642857142857,7.6,0.1,8.1,2.8511504530996024,21.7380933023616,1.5300000000000011,2.8421709430404014e-14,258.855,56.09487219877502,560.0,2019-07-18
211222290,Other ship,Undefined,52,12,300.0,745690.0,5.322659031109735,5.4,0.1,10.1,3.5626981009033623,23.722831234628057,1.5781250000000284,0.012499999999988631,325.16911764705884,54.642771695980514,6461.0,2019-07-18
211293510,Other ship,Undefined,18,8,979.0,513071.0,0.10000000000000003,0.1,0.1,0.1,2.8379374303086066e-17,3.8375000000000057,1.9000000000000057,0.14999999999997726,11.400000000000036,5.290144137922905,23.0,2019-07-18
211182380,Other ship,Undefined,10,4,135.0,43155.0,5.882741116751269,6.2,0.1,10.1,1.4126677338260232,14.906955922865011,4.300000000000011,0.03333333333333144,340.9500000000001,45.47741782437896,394.0,2019-07-18
212356000,Other ship,Undefined,105,16,50.0,158985.0,9.993895406641476,10.5,0.1,11.3,1.65255416862126,1.4495977342549935,0.3585714285713948,2.8421709430404014e-14,44.15000000000001,3.686007076427638,5029.0,2019-07-18
211897000,Other ship,Undefined,28,8,426.0,297149.0,7.733647305075878,10.1,0.1,10.8,3.750958444937224,29.84512627073301,11.14,0.05999999999999873,346.8,60.37789850669714,1911.0,2019-07-18
236307000,Other ship,Undefined,88,12,150.0,120407.0,9.849665139231584,9.8,8.7,10.5,0.31147097538251783,0.707530824829932,0.2178571428571523,1.4210854715202004e-14,31.005555555555553,2.5535006536140235,2837.0,2019-07-18
211749880,Other ship,Undefined,31,11,1455.0,373273.0,1.5613475177304963,0.1,0.1,6.9,2.381145308880685,25.733134559884558,10.35,0.06666666666663447,178.55714285714282,46.36800136338332,282.0,2019-07-18
319011900,Other ship,Undefined,45,9,19.0,13173.0,2.0529126213592237,1.1,0.1,7.9,2.2228450813636034,69.04377023942243,24.916666666666693,1.125,300.3314285714285,115.45082103814221,206.0,2019-07-18
211223120,Other ship,Undefined,33,8,611.0,734304.0,6.585601758563841,8.4,0.1,11.3,4.344794004232276,31.153393997242365,9.176785714285645,3.552713678800501e-15,345.5686868686868,64.04112037455154,5459.0,2019-07-19
211231260,Other ship,Undefined,24,6,2209.0,653074.0,0.1,0.1,0.1,0.1,1.394248647000198e-17,4.619523809523806,2.800000000000012,0.6000000000000227,20.099999999999994,6.5396287838978875,108.0,2019-07-19
211222830,Other ship,Undefined,13,5,552.0,213123.0,6.171320346320346,6.9,0.1,8.9,2.136610145421576,25.87858880148795,5.498076923076866,0.01499999999998636,233.51666666666665,49.16026828668122,924.0,2019-07-19
211603970,Other ship,Undefined,23,5,93.0,43290.0,6.485915492957746,6.9,0.4,12.2,3.8290896932995366,35.005038759689924,6.066666666666691,0.05000000000001137,352.4333333333333,85.38579640411818,142.0,2019-07-19
211462260,Other ship,Undefined,26,6,64.0,85008.0,6.542328684050941,9.1,0.2,16.1,5.532773353545856,21.50291130658152,5.183333333333309,5.684341886080803e-14,353.025,57.43379023320389,1649.0,2019-07-19
244719000,Other ship,Undefined,67,8,1245.0,844089.0,8.434141904184353,8.5,7.3,9.4,0.5759794374587129,5.753340716131414,1.1000000000000227,0.04761904761906521,338.0,30.356334417366963,1649.0,2019-07-19
304010786,Other ship,Undefined,80,11,60.0,114351.0,6.792937438905182,7.1,0.1,7.9,1.4425904458040724,1.7284946074501637,0.4066666666666805,1.4210854715202004e-14,228.78585858585862,12.9905145055507,4092.0,2019-07-19
211225370,Other ship,Undefined,28,6,580.0,705906.0,3.1301403294691883,0.4,0.1,7.6,3.4063908789721205,17.525719502940618,4.975000000000024,5.684341886080803e-14,353.9000000000001,50.586909284583605,1639.0,2019-07-19
211222290,Other ship,Undefined,52,12,300.0,745690.0,4.032165809768637,3.9,0.1,9.6,3.0374950882061484,28.74886412759038,5.399999999999992,0.0023809523809461552,271.5346153846154,56.565031849950245,6224.0,2019-07-19
211293510,Other ship,Undefined,18,8,979.0,513071.0,0.16206896551724134,0.1,0.1,0.4,0.09702158596297383,90.54933333333332,26.519999999999953,0.6666666666666679,327.7000000000001,135.92889856883843,58.0,2019-07-19
211182380,Other ship,Undefined,10,4,135.0,43155.0,5.663333333333335,5.0,0.3,7.6,1.7771589082889394,11.048245614035082,3.9000000000000057,0.19999999999998866,61.85,19.304687083414844,60.0,2019-07-19
211897000,Other ship,Undefined,28,8,426.0,297149.0,8.672222222222222,10.0,0.1,10.9,2.8008860191514082,23.16952455125352,9.733333333333293,0.049999999999997165,350.94,51.020263875403785,1260.0,2019-07-19
231695000,Other ship,Undefined,144,23,5.0,42053.0,11.452244122536213,11.9,0.1,12.8,1.910768725994335,1.3730366403987329,0.6999999999999886,2.8421709430404014e-14,14.627272727272725,2.4976859230188584,4211.0,2019-07-19
211749880,Other ship,Undefined,31,11,1455.0,373273.0,0.1,0.1,0.1,0.1,0.0,74.23279569892473,15.050000000000011,2.3500000000000227,350.6,137.8143381202309,115.0,2019-07-19
373582000,Other ship,Undefined,210,32,0.0,54285.0,17.601645885286786,17.7,15.9,19.0,0.4592632232128282,3.468632709524185,0.1500000000000341,5.684341886080803e-14,215.31000000000003,20.343801200721003,4010.0,2019-07-19
319011900,Other ship,Undefined,45,9,19.0,13173.0,5.854734848484849,7.6,0.1,11.6,5.050257506140441,9.682498048399689,2.379999999999981,2.8421709430404014e-14,96.00666666666666,20.714901803176307,528.0,2019-07-19
211223120,Other ship,Undefined,33,8,611.0,734304.0,6.684084084084084,8.5,0.1,11.6,4.273240186689489,36.87300323174612,12.483333333333292,5.684341886080803e-14,349.25,69.92945861001685,3330.0,2019-07-20
211231260,Other ship,Undefined,24,6,2209.0,653074.0,0.1,0.1,0.1,0.1,1.3933188378624375e-17,3.34356589147286,1.71666666666664,0.049999999999954525,17.600000000000023,5.0272290796980075,126.0,2019-07-20
211222830,Other ship,Undefined,13,5,552.0,213123.0,6.02135231316726,7.0,0.1,10.5,2.348701682481041,25.76453888373531,6.041964285714287,0.2333333333333485,351.86666666666673,59.036637981436,281.0,2019-07-20
211244230,Other ship,Undefined,78,12,62.0,226525.0,8.892771342771342,8.9,6.8,9.8,0.5163714093214288,2.0754578211234564,0.3999999999999773,2.8421709430404014e-14,44.2166666666667,5.228792777249277,4662.0,2019-07-20
211462260,Other ship,Undefined,26,6,64.0,85008.0,8.91845310596833,10.3,0.1,13.0,4.185978952080058,17.827727780204846,0.5999999999999979,1.4210854715202004e-14,336.79,48.98347664629053,1642.0,2019-07-20
244719000,Other ship,Undefined,67,8,1245.0,844089.0,0.9766423357664232,0.3,0.1,7.3,1.5997363189767642,58.22028985507246,31.75,1.3333333333333428,349.16666666666663,98.94764808687259,137.0,2019-07-20
304010786,Other ship,Undefined,80,11,60.0,114351.0,7.124612736660929,7.1,6.9,7.6,0.13530322182970286,0.5733433133732544,0.37999999999999545,1.4210854715202004e-14,5.450000000000002,0.8989265830731258,581.0,2019-07-20
211225370,Other ship,Undefined,28,6,580.0,705906.0,4.008388867110938,5.3,0.1,8.8,3.4719548925327204,15.10304212454212,3.4025000000000176,5.684341886080803e-14,356.6,43.895396243118846,2551.0,2019-07-20
211222290,Other ship,Undefined,52,12,300.0,745690.0,4.567618672444357,4.9,0.1,9.9,2.8399865047345627,27.070723307582078,1.8425000000000007,0.007142857142838466,307.8725,56.882400831858924,5077.0,2019-07-20
211293510,Other ship,Undefined,18,8,979.0,513071.0,0.10434782608695654,0.1,0.1,0.2,0.020851441405707476,3.975000000000009,3.2999999999999825,1.7000000000000457,7.600000000000023,4.900595201945726,23.0,2019-07-20
247102500,Other ship,Undefined,136,20,28.0,137785.0,12.116985703901141,12.7,0.2,13.2,1.9336572521825603,1.8421331670045216,0.8333333333333428,0.02380952380953261,21.436507936507933,3.435514145710375,4127.0,2019-07-20
211897000,Other ship,Undefined,28,8,426.0,297149.0,8.508308383233532,9.8,0.1,11.1,2.923004172246572,30.81738163265306,9.352500000000036,0.009999999999998009,332.6,63.29600917403175,1336.0,2019-07-20
211749880,Other ship,Undefined,31,11,1455.0,373273.0,2.3516203703703704,1.85,0.1,7.5,2.4071620059381846,49.84786728286728,25.585912698412706,0.7166666666666686,306.5875000000001,81.1856822845423,432.0,2019-07-20
211223120,Other ship,Undefined,33,8,611.0,734304.0,6.997341977309562,9.3,0.1,11.5,4.161162312533561,33.479466532259714,11.509999999999994,5.684341886080803e-14,297.1,64.52896643352372,3085.0,2019-07-21
211231260,Other ship,Undefined,24,6,2209.0,653074.0,0.11065573770491806,0.1,0.1,1.4,0.11769646985527413,3.484022988505744,2.0,0.1166666666666174,14.266666666666653,4.824796779569982,122.0,2019-07-21
211222830,Other ship,Undefined,13,5,552.0,213123.0,4.814236111111111,5.3,0.1,10.0,2.8563685802707184,38.252835575808895,8.0,0.06666666666666687,353.65,75.28383148531546,1152.0,2019-07-21
211222350,Other ship,Undefined,20,6,374.0,253333.0,8.211587982832619,8.4,0.1,8.7,1.1271315294510005,2.611666666666666,0.9666666666666686,0.1666666666666572,23.0,5.470356847029722,233.0,2019-07-21
211244230,Other ship,Undefined,78,12,62.0,226525.0,6.292253521126762,7.6,0.1,8.6,2.2714620513823087,2.502460317460315,1.1166666666666742,0.005000000000023874,23.501948051948037,4.679916122477074,426.0,2019-07-21
211225370,Other ship,Undefined,28,6,580.0,705906.0,5.651418439716313,8.3,0.1,8.7,3.7781579209435607,7.032975727255884,1.708333333333334,1.7763568394002505e-15,276.66,22.115163182278796,846.0,2019-07-21
211222290,Other ship,Undefined,52,12,300.0,745690.0,7.511774107618541,9.1,0.1,10.4,3.6427740337686263,3.2808282753901308,0.4750000000000227,5.684341886080803e-14,177.1218181818182,17.471249368622928,1877.0,2019-07-21
211897000,Other ship,Undefined,28,8,426.0,297149.0,8.667902350813744,9.9,0.1,11.1,2.8162891622948854,27.147049941927985,9.443333333333328,0.08571428571428186,326.3,59.543434501513,1106.0,2019-07-21
211749880,Other ship,Undefined,31,11,1455.0,373273.0,10.292380952380952,10.7,0.1,11.7,1.6007956589444534,4.2988297592767815,1.1083333333333345,0.014285714285712459,266.41527777777776,22.71229968277117,1575.0,2019-07-21
255805836,Other ship,Undefined,125,22,0.0,9217.0,13.894953609413893,14.0,4.2,14.9,0.8879248121569164,1.389398437028234,0.5,0.011111111111112848,19.55862068965517,3.2259918631988618,4419.0,2019-07-21
211223120,Other ship,Undefined,33,8,611.0,734304.0,7.0929219143576825,8.8,0.1,11.4,4.150247956657147,32.53682524913104,10.875,3.552713678800501e-15,321.19743589743587,65.1276040980817,3970.0,2019-07-22
211231260,Other ship,Undefined,24,6,2209.0,653074.0,0.09999999999999998,0.1,0.1,0.1,2.7891300511153507e-17,3.360666666666672,1.9499999999999889,0.19999999999998866,14.900000000000036,4.977789279500606,103.0,2019-07-22
211651920,Other ship,Undefined,40,10,1881.0,473611.0,8.305343511450381,10.6,0.1,11.5,3.6919929177660413,8.430166881729381,2.0333333333333314,0.06666666666667709,142.25,22.418639701293635,1441.0,2019-07-22
211222830,Other ship,Undefined,13,5,552.0,213123.0,6.262937062937064,6.7,0.1,10.8,1.9505888745270072,72.23115732368896,7.349999999999965,0.05000000000001137,356.2999999999999,130.7624479061032,286.0,2019-07-22
211222350,Other ship,Undefined,20,6,374.0,253333.0,6.619864559819412,8.1,0.1,8.8,2.8531101604245825,18.251578778364493,1.1999999999999942,0.03333333333333144,341.75,49.955082033222425,1772.0,2019-07-22
244719000,Other ship,Undefined,67,8,1245.0,844089.0,8.178343399482314,8.1,0.1,9.1,0.5644983553574039,6.995748299319727,0.5,0.10000000000002274,354.2619047619048,47.39707869152943,1159.0,2019-07-22
211225370,Other ship,Undefined,28,6,580.0,705906.0,6.241152815013404,7.9,0.1,8.8,3.1451606820977434,9.913928571428569,0.7908333333333246,0.01333333333337805,343.52,35.99578728926062,746.0,2019-07-22
211222290,Other ship,Undefined,52,12,300.0,745690.0,5.35408644400786,6.9,0.1,10.3,2.8494324139966007,22.972466443899368,1.4066666666666805,5.684341886080803e-14,352.0,51.68313738636027,5090.0,2019-07-22
211293510,Other ship,Undefined,18,8,979.0,513071.0,3.021395348837209,3.8,0.1,5.8,1.9746306662772568,60.42765963203463,27.97916666666667,0.33333333333333304,258.375,96.16150623196908,215.0,2019-07-22
211897000,Other ship,Undefined,28,8,426.0,297149.0,8.718639798488669,10.0,0.1,10.8,2.6997426264622777,27.135124223602485,9.129166666666665,0.07000000000000739,347.1,61.321657961691045,1191.0,2019-07-22
211749880,Other ship,Undefined,31,11,1455.0,373273.0,9.732962138084634,9.8,0.3,10.3,0.7710314480164222,1.5309617308110457,0.6233333333333348,0.0033333333332734587,38.700000000000045,3.557304941384207,1796.0,2019-07-22
219517000,Other ship,Undefined,78,10,0.0,17064.0,8.612456747404844,9.4,0.3,10.7,2.3817039109098213,4.0936130398630395,0.4452380952380892,1.4210854715202004e-14,282.98666666666657,20.568351019210613,2890.0,2019-07-22
255805836,Other ship,Undefined,125,22,0.0,9217.0,14.747572815533982,14.7,14.6,15.1,0.12275007303554004,0.349206349206348,0.2291666666666643,0.028571428571424917,1.0,0.4656234197689283,103.0,2019-07-22
211223120,Other ship,Undefined,33,8,611.0,734304.0,6.912942317014058,8.8,0.1,11.5,4.195195776997605,37.324176307411605,13.423890692640724,0.01499999999998636,327.9666666666667,70.9554420446807,4126.0,2019-07-23
211231260,Other ship,Undefined,24,6,2209.0,653074.0,0.09999999999999998,0.1,0.1,0.1,2.7882604085313367e-17,3.883333333333329,2.2574999999999648,0.02499999999992042,15.699999999999989,5.48176795900985,110.0,2019-07-23
211222830,Other ship,Undefined,13,5,552.0,213123.0,5.519856887298748,5.9,0.1,8.2,1.7082393567390248,36.9892551892552,4.469999999999999,0.024999999999863576,357.11428571428564,80.05235256338725,559.0,2019-07-23
211222350,Other ship,Undefined,20,6,374.0,253333.0,6.619744058500914,8.2,0.1,8.6,2.8402866942973457,14.57753396029258,1.6666666666666572,0.15000000000000568,241.8333333333333,38.09213559171504,547.0,2019-07-23
211603970,Other ship,Undefined,23,5,93.0,43290.0,5.804705882352941,6.2,0.3,14.2,2.286185525652518,10.95446428571429,4.849999999999998,0.2999999999999545,75.7,19.171387854522127,85.0,2019-07-23
244719000,Other ship,Undefined,67,8,1245.0,844089.0,9.0646484375,9.2,0.1,9.6,1.003339833231342,8.688612836438924,1.2250000000000083,0.03333333333333144,350.56666666666666,37.04593155781264,1536.0,2019-07-23
211225370,Other ship,Undefined,28,6,580.0,705906.0,8.403381642512077,8.6,0.7,8.8,0.7414484409149115,2.7537810945273637,1.200000000000017,0.045000000000015916,32.83333333333334,5.626825731369026,207.0,2019-07-23
211222290,Other ship,Undefined,52,12,300.0,745690.0,4.97597007947639,6.5,0.1,9.6,2.8443138919703794,17.704084286984802,0.8731818181818198,2.8421709430404014e-14,265.70476190476194,44.120472632092266,4278.0,2019-07-23
211293510,Other ship,Undefined,18,8,979.0,513071.0,0.10000000000000003,0.1,0.1,0.1,2.8379374303086066e-17,13.074999999999974,13.074999999999974,8.049999999999955,18.099999999999994,18.490842328028183,23.0,2019-07-23
211897000,Other ship,Undefined,28,8,426.0,297149.0,7.923432682425489,10.0,0.1,10.7,3.560700232672705,34.86868143459916,9.820833333333326,0.04999999999998295,333.4,73.43513907527331,973.0,2019-07-23
354749000,Other ship,Undefined,87,12,32.0,129030.0,8.305860033726812,8.4,7.2,9.2,0.5476796441646392,0.7391850512356843,0.2976190476190368,0.006666666666632182,27.129365079365048,2.4885661040939806,2372.0,2019-07-23
211749880,Other ship,Undefined,31,11,1455.0,373273.0,0.09999999999999996,0.1,0.1,0.1,4.210381184095153e-17,53.145,11.875000000000016,0.05000000000001137,231.5,95.39143756706423,45.0,2019-07-23
219517000,Other ship,Undefined,78,10,0.0,17064.0,9.574117647058824,9.2,8.8,13.0,1.158351655403866,2.4997487335359674,0.4133333333333376,0.00666666666666771,248.18,17.274867138271972,1275.0,2019-07-23
211223120,Other ship,Undefined,33,8,611.0,734304.0,6.990799716914368,9.0,0.1,11.4,4.132413717302333,33.21008907874074,10.9978021978022,0.013333333333321208,348.83333333333337,66.23206485994436,4239.0,2019-07-24
211231260,Other ship,Undefined,24,6,2209.0,653074.0,0.10564263322884014,0.1,0.1,0.3,0.025688216481497432,14.79637596899225,3.408333333333317,0.025000000000034103,320.1,47.315778696851126,319.0,2019-07-24
211222830,Other ship,Undefined,13,5,552.0,213123.0,5.843520140105079,6.6,0.1,8.9,2.4093462205283065,26.34372606920185,4.4728021978021815,0.02500000000009095,351.1733333333333,67.34285132077851,1142.0,2019-07-24
211222350,Other ship,Undefined,20,6,374.0,253333.0,6.604989035087719,8.2,0.1,8.5,2.784512117837391,14.946365721580007,1.1666666666666572,0.05000000000000071,294.1666666666667,44.60266512666801,1824.0,2019-07-24
211244230,Other ship,Undefined,78,12,62.0,226525.0,7.748728813559322,8.9,0.1,9.2,2.3738039729720635,4.283106060606062,2.574999999999996,0.03999999999999915,65.4,7.7774675218404825,472.0,2019-07-24
211462260,Other ship,Undefined,26,6,64.0,85008.0,8.401730920535012,8.0,0.1,12.1,2.334826401339,4.728065659954973,0.39749999999999375,0.004999999999995453,249.73818181818172,22.39104275046669,1271.0,2019-07-24
244719000,Other ship,Undefined,67,8,1245.0,844089.0,0.6609195402298852,0.4,0.1,2.2,0.6232615490845139,48.653125,16.04166666666667,2.0999999999999943,255.36666666666667,86.82557263650732,87.0,2019-07-24
636091104,Other ship,Undefined,167,26,131.0,186278.0,10.636882129277566,11.0,0.2,14.4,1.5041022042127243,0.9780436059666836,0.3166666666667197,5.684341886080803e-14,16.620000000000033,2.34756398840609,3945.0,2019-07-24
308687000,Other ship,Undefined,134,35,0.0,18033.0,5.239374918268601,5.7,3.7,6.6,0.8881065372848304,0.5635282534865234,0.3333333333333499,7.105427357601002e-15,12.182857142857133,1.085965192822893,7647.0,2019-07-24
211225370,Other ship,Undefined,28,6,580.0,705906.0,6.881999999999999,7.8,0.1,8.3,2.31767883653227,27.10403333333334,2.2775000000000314,0.09166666666675384,274.04,65.74486146466414,450.0,2019-07-24
211222290,Other ship,Undefined,52,12,300.0,745690.0,1.0834019430265107,0.3,0.1,9.2,1.8013420426963394,49.33160773611926,28.657499999999967,0.020000000000038654,322.58,74.14674139200481,6073.0,2019-07-24
211293510,Other ship,Undefined,18,8,979.0,513071.0,2.3220338983050848,2.6,0.1,5.9,1.6677696526519896,46.305042953342955,15.558888888888859,0.17499999999995453,351.66666666666674,85.19675785015431,1062.0,2019-07-24
211897000,Other ship,Undefined,28,8,426.0,297149.0,7.996556122448981,9.9,0.1,10.8,3.5037277443620165,29.924479889043,9.720833333333315,0.00666666666666771,357.16,64.84613315578011,1568.0,2019-07-24
354749000,Other ship,Undefined,87,12,32.0,129030.0,7.888582402234638,7.9,7.5,8.2,0.17138730902171048,1.9781643323996263,1.8458333333333317,0.0033333333333303017,12.6,2.566984409940375,2864.0,2019-07-24
211749880,Other ship,Undefined,31,11,1455.0,373273.0,9.175331564986738,10.4,0.1,10.8,2.726624539400284,7.667534531942046,0.663333333333334,1.4210854715202004e-14,253.56818181818187,29.2295514997017,1885.0,2019-07-24
211223120,Other ship,Undefined,33,8,611.0,734304.0,7.110351740477491,9.1,0.1,11.3,4.10855948380026,33.711661748509805,11.624285714285723,0.03333333333330302,346.98333333333335,65.70237402018678,5487.0,2019-07-25
211231260,Other ship,Undefined,24,6,2209.0,653074.0,7.5482166446499335,7.9,0.1,8.9,1.7997999714391335,5.695060965562695,3.1249999999999933,1.4210854715202004e-14,230.1,14.635743896244273,3028.0,2019-07-25
211222830,Other ship,Undefined,13,5,552.0,213123.0,5.445211726384366,6.4,0.1,8.3,2.406169046954539,32.134002835064486,3.858690476190461,0.04285714285714448,354.3833333333334,75.25802878825868,1535.0,2019-07-25
211603970,Other ship,Undefined,23,5,93.0,43290.0,7.310395747194329,9.2,0.1,12.8,4.185860545645805,19.329880092185867,2.550000000000012,0.024999999999999908,356.6,52.86474296828668,1693.0,2019-07-25
211244230,Other ship,Undefined,78,12,62.0,226525.0,7.496505875077302,7.9,0.1,8.5,1.5479839833602886,1.4446235827664402,0.28333333333333144,1.4210854715202004e-14,180.925,9.361542382874688,3234.0,2019-07-25
244719000,Other ship,Undefined,67,8,1245.0,844089.0,8.01718875502008,8.4,0.1,8.8,1.2747208762759168,8.810641025641022,0.8333333333333144,0.08333333333331439,297.1666666666667,31.8511074054432,1245.0,2019-07-25
636091104,Other ship,Undefined,167,26,131.0,186278.0,4.741666666666666,5.9,0.1,7.7,2.6965012295785966,3.954081632653063,3.4000000000000057,0.0999999999999659,20.45000000000005,5.475984400021788,144.0,2019-07-25
211225370,Other ship,Undefined,28,6,580.0,705906.0,4.9187125748503,6.9,0.1,8.5,3.325735011868475,24.770945391855374,4.349999999999993,0.004999999999995453,348.905,55.901152541513746,2004.0,2019-07-25
211222290,Other ship,Undefined,52,12,300.0,745690.0,0.7519369665134603,0.2,0.1,10.3,1.740191763156667,57.35518666087125,38.375,0.024999999999977263,327.3333333333333,80.8149493101942,4569.0,2019-07-25
211293510,Other ship,Undefined,18,8,979.0,513071.0,2.4207969432314407,2.3,0.1,6.3,1.961591552300652,54.9851268304592,17.880000000000013,0.025000000000034103,355.4619047619048,92.50621229224414,1832.0,2019-07-25
211897000,Other ship,Undefined,28,8,426.0,297149.0,7.760181818181818,10.0,0.1,10.8,3.851010432286345,34.00375581395349,10.416666666666668,0.024999999999998582,354.4500000000001,71.75927400259083,1650.0,2019-07-25
211223120,Other ship,Undefined,33,8,611.0,734304.0,7.20550930460333,9.3,0.1,11.9,4.057848472404188,34.86250485931874,10.692857142857124,0.016666666666672825,351.66,70.00093092555241,4084.0,2019-07-26
211231260,Other ship,Undefined,24,6,2209.0,653074.0,3.3256767208043314,4.4,0.1,8.4,2.821603348962636,17.000764152268573,2.400000000000034,0.020000000000000014,351.5499999999999,51.348407936496315,1293.0,2019-07-26
211222830,Other ship,Undefined,13,5,552.0,213123.0,4.2799375975039,4.1,0.1,8.7,2.250680295790036,37.22773139465429,9.388333333333293,0.06374999999998465,352.8,70.76970954159013,3205.0,2019-07-26
211222350,Other ship,Undefined,20,6,374.0,253333.0,6.2664449617559015,8.0,0.1,8.6,2.8717626510731806,18.462415357377115,1.3928571428571388,0.03333333333333144,283.8111888111888,50.793034905339496,3007.0,2019-07-26
211225370,Other ship,Undefined,28,6,580.0,705906.0,4.0467342342342345,4.3,0.1,8.4,3.373171789327469,26.78691841415465,4.133333333333326,5.684341886080803e-14,305.56666666666666,57.65944485865786,1776.0,2019-07-26
211222290,Other ship,Undefined,52,12,300.0,745690.0,0.2471695249658522,0.2,0.1,2.6,0.1936999976179736,56.62292826221397,40.83333333333333,0.00833333333333286,306.375,79.41670916482522,6589.0,2019-07-26
211293510,Other ship,Undefined,18,8,979.0,513071.0,0.1,0.1,0.1,0.1,1.4050189297646193e-17,169.4625,186.3,52.90000000000001,252.35,205.62601722139482,41.0,2019-07-26
211897000,Other ship,Undefined,28,8,426.0,297149.0,7.6311380704794916,9.9,0.1,10.8,3.7965843835615662,29.66384847487382,11.61666666666667,0.016666666666672825,340.6,55.96837750325409,1731.0,2019-07-26
211749880,Other ship,Undefined,31,11,1455.0,373273.0,8.946904683917461,10.9,0.1,12.3,3.755742795771456,9.243955784913355,0.8216666666666441,5.684341886080803e-14,316.5300000000001,31.669975741838922,3053.0,2019-07-26
255805836,Other ship,Undefined,125,22,0.0,9217.0,14.335117773019274,14.3,14.0,14.7,0.14273449912355235,0.7197234039906444,0.4285714285714448,0.028571428571410706,6.428571428571416,1.2139399153458863,934.0,2019-07-26
211223120,Other ship,Undefined,33,8,611.0,734304.0,7.010905914649364,9.4,0.1,11.3,4.17020592138354,34.93295183939438,14.279761904761925,0.008333333333325754,333.0416666666667,68.07851745074885,4007.0,2019-07-27
211231260,Other ship,Undefined,24,6,2209.0,653074.0,2.9837970540098198,1.8,0.1,8.3,2.7898563676878787,19.71245509968693,3.6999999999999886,2.8421709430404014e-14,292.9166666666667,49.86778931952268,2444.0,2019-07-27
211222830,Other ship,Undefined,13,5,552.0,213123.0,5.404827940421161,6.1,0.1,13.5,2.5401133955719075,35.249080149003575,6.415000000000049,0.013333333333321208,349.85,81.52479119877049,1947.0,2019-07-27
211222350,Other ship,Undefined,20,6,374.0,253333.0,6.514563106796117,7.5,0.1,8.7,2.324434346308901,15.458670572103404,1.666666666666668,0.03333333333333144,303.0,42.61960416790959,927.0,2019-07-27
211603970,Other ship,Undefined,23,5,93.0,43290.0,6.014110429447852,6.7,0.1,9.5,2.2983924523086845,30.72328083989502,3.5333333333333328,0.10000000000000007,357.4000000000001,70.48751463749302,489.0,2019-07-27
211244230,Other ship,Undefined,78,12,62.0,226525.0,4.4956214689265535,4.3,0.1,8.3,2.6060685425191488,8.825359684563226,2.316666666666663,0.020000000000010232,131.9571428571429,19.746519065547137,708.0,2019-07-27
211462260,Other ship,Undefined,26,6,64.0,85008.0,12.718577494692145,13.2,0.1,15.6,1.7127529697013877,4.2874805695220335,0.4000000000000341,2.8421709430404014e-14,93.53333333333332,12.975688157383573,942.0,2019-07-27
304010786,Other ship,Undefined,80,11,60.0,114351.0,7.801817500468428,7.9,0.2,9.3,0.8044563346905853,1.283560316569578,0.4100000000000392,2.8421709430404014e-14,173.2,6.791718123124977,5337.0,2019-07-27
636091104,Other ship,Undefined,167,26,131.0,186278.0,11.169852941176467,11.2,5.1,14.1,1.7076358841414048,3.4262665451346552,0.5833333333333384,0.006944444444449971,193.82443181818184,15.791729428020075,1496.0,2019-07-27
211225370,Other ship,Undefined,28,6,580.0,705906.0,7.0299887892376685,7.9,0.1,10.3,2.636931458210033,15.162508645916471,2.25,0.004999999999995453,323.44666666666666,48.934193028714716,1784.0,2019-07-27
211222290,Other ship,Undefined,52,12,300.0,745690.0,0.35792045837546344,0.2,0.1,5.2,0.39604966992932816,53.89317879220162,37.481666666666655,0.03333333333334565,330.4,74.54482928222336,5934.0,2019-07-27
211293510,Other ship,Undefined,18,8,979.0,513071.0,0.10000000000000002,0.1,0.1,0.1,1.4059204498636452e-17,83.75,71.6,14.0,177.8,68.95803071434104,39.0,2019-07-27
211897000,Other ship,Undefined,28,8,426.0,297149.0,7.426618705035971,9.8,0.1,10.9,3.905088707758744,32.88052259887006,10.273333333333355,0.049999999999997165,350.9,65.44032647502455,1946.0,2019-07-27
211749880,Other ship,Undefined,31,11,1455.0,373273.0,3.7100222717149216,3.5,0.1,8.5,3.168118561972886,45.04420237610714,18.065714285714225,0.2733333333333339,213.74,74.79541814897921,449.0,2019-07-27
255805836,Other ship,Undefined,125,22,0.0,9217.0,12.241440953412782,13.1,0.1,20.3,3.1400291607486106,3.6080121237326477,0.720779220779221,0.009090909090957666,234.0,16.172399067680022,3692.0,2019-07-27
211223120,Other ship,Undefined,33,8,611.0,734304.0,6.690948798835233,8.3,0.1,11.3,4.213260169958229,37.48272017516844,12.490476190476196,0.01666666666665151,354.6500000000001,71.82004668933064,4121.0,2019-07-28
211231260,Other ship,Undefined,24,6,2209.0,653074.0,3.220585161964472,1.9,0.1,8.6,2.8435472164971602,22.947707063868197,5.900000000000006,0.039999999999992035,351.86000000000007,51.396200456661816,2871.0,2019-07-28
211222830,Other ship,Undefined,13,5,552.0,213123.0,5.572739273927393,5.6,0.1,10.1,1.8402415218283972,41.311977982202976,7.64515873015872,0.033333333333246166,357.88333333333327,85.56729892157443,1515.0,2019-07-28
211462260,Other ship,Undefined,26,6,64.0,85008.0,11.330349531116795,14.9,0.1,16.5,5.640478669559088,12.981037818728336,2.0300000000000296,2.8421709430404014e-14,326.075,45.387263612534895,1173.0,2019-07-28
211225370,Other ship,Undefined,28,6,580.0,705906.0,6.211934766493701,7.6,0.1,10.3,3.333504701978883,13.47055005213764,3.4904761904761727,0.016666666666708352,350.00666666666666,40.45205699469676,1349.0,2019-07-28
211222290,Other ship,Undefined,52,12,300.0,745690.0,0.3981789275906923,0.2,0.1,5.2,0.5056456425467224,52.99940621683612,39.67999999999998,0.01999999999998181,311.53333333333336,71.6969658812843,6919.0,2019-07-28
211293510,Other ship,Undefined,18,8,979.0,513071.0,0.09999999999999998,0.1,0.1,0.1,2.7840067669873856e-17,113.67966666666665,75.52499999999998,0.8499999999999996,351.5,156.69661161218752,165.0,2019-07-28
247102500,Other ship,Undefined,136,20,28.0,137785.0,12.583556361986844,12.8,0.1,14.5,2.181720474264075,2.067783639235516,1.0999999999999943,0.03333333333333144,26.13333333333333,3.52261509269602,4409.0,2019-07-28
211897000,Other ship,Undefined,28,8,426.0,297149.0,7.600485698866702,9.8,0.1,10.8,3.6923004912001636,33.22072919995738,11.56000000000006,0.025000000000005684,338.03333333333336,66.88185147684571,1853.0,2019-07-28
244860916,Other ship,Undefined,155,28,0.0,7505.0,10.349021601016519,10.4,9.0,11.3,0.4537685316504392,0.6795577715152825,0.3114285714285927,1.4210854715202004e-14,16.451470588235278,1.637117445145196,3935.0,2019-07-28
211749880,Other ship,Undefined,31,11,1455.0,373273.0,0.10000000000000002,0.1,0.1,0.1,1.4176269004663433e-17,11.659999999999984,10.5,1.8000000000000007,31.29999999999995,15.456810796538837,24.0,2019-07-28
211223120,Other ship,Undefined,33,8,611.0,734304.0,6.959304703476483,8.8,0.1,11.5,4.145383292327828,33.956906044902645,12.13055555555556,5.684341886080803e-14,327.675,64.123848149238,5379.0,2019-07-29
211231260,Other ship,Undefined,24,6,2209.0,653074.0,0.1,0.1,0.1,0.1,1.3896428229658633e-17,3.145054200542005,2.5,0.03333333333333144,16.199999999999992,4.153216807860598,373.0,2019-07-29
211222830,Other ship,Undefined,13,5,552.0,213123.0,5.6612307692307695,6.0,0.1,10.1,1.8188293596216207,29.655546673444398,3.4722222222222,0.011111111111111072,352.15,67.53202985340207,650.0,2019-07-29
211222350,Other ship,Undefined,20,6,374.0,253333.0,6.654289940828402,8.2,0.1,8.9,2.7798833952038065,15.836021890135,1.3333333333333428,0.05000000000000071,298.625,44.14313194773119,2028.0,2019-07-29
211226200,Other ship,Undefined,16,7,3.0,96753.0,3.5919365079365075,2.8,0.1,7.5,2.542806031109982,22.294118819776717,4.168333333333351,0.01666666666665151,346.8,53.113464068486564,1575.0,2019-07-29
244719000,Other ship,Undefined,67,8,1245.0,844089.0,7.628457639391747,7.5,2.6,8.8,0.6513373170326963,1.4876433785192906,0.6333333333333542,0.09523809523807357,15.25,2.8722775485917054,1381.0,2019-07-29
304010786,Other ship,Undefined,80,11,60.0,114351.0,7.554186413902053,7.7,0.7,8.6,0.7962445536677194,1.712227106227106,0.6416666666666693,0.013333333333328312,23.6875,3.554951594387907,633.0,2019-07-29
211225370,Other ship,Undefined,28,6,580.0,705906.0,5.8134414831981465,8.0,0.1,8.9,3.2877160244666337,15.657282338308455,2.3583333333333485,0.03333333333330302,344.8,46.4006694241036,863.0,2019-07-29
211222290,Other ship,Undefined,52,12,300.0,745690.0,0.3144431209053008,0.2,0.1,4.5,0.27740393607274244,58.440258066756975,44.87500000000003,0.01666666666667993,305.75,79.83971844500404,6716.0,2019-07-29
211293510,Other ship,Undefined,18,8,979.0,513071.0,2.225942156003506,0.3,0.1,6.9,2.7059520204272407,34.01388209586432,9.083333333333364,0.01666666666665151,338.475,66.94845358659855,2282.0,2019-07-29
211897000,Other ship,Undefined,28,8,426.0,297149.0,8.102890571231933,10.1,0.1,10.7,3.5846884995552317,32.39322834645669,11.066666666666665,0.06666666666666288,335.86,67.54782320684163,1453.0,2019-07-29
211749880,Other ship,Undefined,31,11,1455.0,373273.0,2.9933377748167884,1.8,0.1,8.7,2.683004954368412,35.31716788905292,13.394642857142847,0.03428571428571558,354.15333333333336,64.7802069088403,1501.0,2019-07-29
211223120,Other ship,Undefined,33,8,611.0,734304.0,7.077711044377711,9.1,0.1,11.4,4.1806212246930405,34.91721237593106,11.3,0.026666666666699257,349.625,72.34521520153959,2997.0,2019-07-30
211231260,Other ship,Undefined,24,6,2209.0,653074.0,4.834389140271495,5.5,0.1,8.5,3.38464355752831,44.52753333333334,12.36999999999999,0.5999999999999943,202.26,73.66181086052461,221.0,2019-07-30
211222830,Other ship,Undefined,13,5,552.0,213123.0,5.8959677419354835,6.5,0.1,6.9,1.3554106684882523,30.88090909090909,3.2833333333333203,0.06666666666671972,344.6,85.67460493835084,124.0,2019-07-30
211222350,Other ship,Undefined,20,6,374.0,253333.0,6.43572044866264,8.2,0.1,8.6,2.9502116626483006,15.342147127249167,1.083333333333332,0.08333333333333215,331.0,42.32065538133893,1159.0,2019-07-30
211244230,Other ship,Undefined,78,12,62.0,226525.0,1.5727272727272728,1.8,0.1,2.0,0.6140402711104985,16.150000000000013,2.9166666666666714,0.07999999999998407,53.81666666666669,27.545921438514746,33.0,2019-07-30
304010786,Other ship,Undefined,80,11,60.0,114351.0,7.400348027842227,7.6,0.1,8.6,1.4436483638619582,2.5551375661375664,0.5666666666666664,7.105427357601002e-15,89.24999999999999,7.565243990840454,1724.0,2019-07-30
211225370,Other ship,Undefined,28,6,580.0,705906.0,7.512,8.2,0.1,8.5,1.8780359184996396,4.327825203252036,0.7938095238095144,0.01666666666667993,76.1,12.141257348884206,350.0,2019-07-30
211222290,Other ship,Undefined,52,12,300.0,745690.0,3.9728084638636982,2.9,0.1,11.9,4.046455344040283,27.189237194539064,3.28714285714284,2.8421709430404014e-14,301.7,54.58725968640629,7278.0,2019-07-30
211293510,Other ship,Undefined,18,8,979.0,513071.0,1.798932384341637,1.5,0.1,4.9,1.5425277025936803,67.17458361391695,27.699999999999992,0.1400000000000432,318.0,110.67428735888396,281.0,2019-07-30
211897000,Other ship,Undefined,28,8,426.0,297149.0,8.019971969166082,10.0,0.1,10.9,3.608417072901184,34.4102494631805,12.700000000000017,0.09999999999999433,326.43333333333334,66.77130559885515,1427.0,2019-07-30
211749880,Other ship,Undefined,31,11,1455.0,373273.0,3.1827455919395464,2.6,0.1,9.1,2.413239442862457,30.100893246753248,13.586666666666643,0.1600000000000108,238.975,52.673916005702964,794.0,2019-07-30
244260938,Other ship,Undefined,20,6,25.0,11489.0,8.483700440528635,8.5,1.5,9.8,0.5654374437340486,1.6341219830397906,0.8433333333333337,2.8421709430404014e-14,55.67142857142858,4.143756658990086,2043.0,2019-07-30
